Match Number,Date,Home Team,Home Score,Away Score,Away Team
1,2012-08-17 19:45:00,Cardiff City,1,0,Huddersfield Town
2,2012-08-18 12:45:00,Leeds United,1,0,Wolverhampton Wanderers
3,2012-08-18 15:00:00,Barnsley,1,0,Middlesbrough
4,2012-08-18 15:00:00,Birmingham City,1,1,Charlton Athletic
5,2012-08-18 15:00:00,Burnley,2,0,Bolton Wanderers
6,2012-08-18 15:00:00,Crystal Palace,2,3,Watford
7,2012-08-18 15:00:00,Derby County,2,2,Sheffield Wednesday
8,2012-08-18 15:00:00,Hull City,1,0,Brighton & Hove Albion
9,2012-08-18 15:00:00,Ipswich Town,1,1,Blackburn Rovers
10,2012-08-18 15:00:00,Leicester City,2,0,Peterborough United
11,2012-08-18 15:00:00,Millwall,0,2,Blackpool
12,2012-08-18 15:00:00,Nottingham Forest,1,0,Bristol City
13,2012-08-21 19:45:00,Brighton & Hove Albion,0,0,Cardiff City
14,2012-08-21 19:45:00,Bristol City,4,1,Crystal Palace
15,2012-08-21 19:45:00,Charlton Athletic,2,1,Leicester City
16,2012-08-21 19:45:00,Huddersfield Town,1,1,Nottingham Forest
17,2012-08-21 19:45:00,Middlesbrough,3,2,Burnley
18,2012-08-21 19:45:00,Peterborough United,1,2,Millwall
19,2012-08-21 19:45:00,Sheffield Wednesday,3,2,Birmingham City
20,2012-08-21 19:45:00,Watford,0,1,Ipswich Town
21,2012-08-21 19:45:00,Wolverhampton Wanderers,3,1,Barnsley
22,2012-08-21 20:00:00,Blackpool,2,1,Leeds United
23,2012-08-21 20:00:00,Bolton Wanderers,2,0,Derby County
24,2012-08-22 19:45:00,Blackburn Rovers,1,0,Hull City
25,2012-08-24 19:45:00,Bolton Wanderers,2,2,Nottingham Forest
26,2012-08-25 13:00:00,Bristol City,4,2,Cardiff City
27,2012-08-25 15:00:00,Blackburn Rovers,2,1,Leicester City
28,2012-08-25 15:00:00,Blackpool,6,0,Ipswich Town
29,2012-08-25 15:00:00,Brighton & Hove Albion,5,1,Barnsley
30,2012-08-25 15:00:00,Charlton Athletic,0,0,Hull City
31,2012-08-25 15:00:00,Huddersfield Town,2,0,Burnley
32,2012-08-25 15:00:00,Middlesbrough,2,1,Crystal Palace
33,2012-08-25 15:00:00,Peterborough United,1,2,Leeds United
34,2012-08-25 15:00:00,Sheffield Wednesday,3,2,Millwall
35,2012-08-25 15:00:00,Wolverhampton Wanderers,1,1,Derby County
36,2012-08-25 17:20:00,Watford,2,0,Birmingham City
37,2012-09-01 12:45:00,Millwall,3,1,Middlesbrough
38,2012-09-01 15:00:00,Barnsley,1,0,Bristol City
39,2012-09-01 15:00:00,Birmingham City,1,0,Peterborough United
40,2012-09-01 15:00:00,Burnley,1,3,Brighton & Hove Albion
41,2012-09-01 15:00:00,Crystal Palace,2,1,Sheffield Wednesday
42,2012-09-01 15:00:00,Derby County,5,1,Watford
43,2012-09-01 15:00:00,Hull City,3,1,Bolton Wanderers
44,2012-09-01 15:00:00,Ipswich Town,2,2,Huddersfield Town
45,2012-09-01 15:00:00,Leeds United,3,3,Blackburn Rovers
46,2012-09-01 15:00:00,Nottingham Forest,2,1,Charlton Athletic
47,2012-09-01 17:20:00,Leicester City,1,0,Blackpool
48,2012-09-02 14:00:00,Cardiff City,3,1,Wolverhampton Wanderers
49,2012-09-14 19:45:00,Brighton & Hove Albion,3,0,Sheffield Wednesday
50,2012-09-14 19:45:00,Charlton Athletic,0,1,Crystal Palace
51,2012-09-15 15:00:00,Barnsley,1,1,Blackpool
52,2012-09-15 15:00:00,Bolton Wanderers,2,1,Watford
53,2012-09-15 15:00:00,Bristol City,3,5,Blackburn Rovers
54,2012-09-15 15:00:00,Burnley,5,2,Peterborough United
55,2012-09-15 15:00:00,Cardiff City,2,1,Leeds United
56,2012-09-15 15:00:00,Huddersfield Town,1,0,Derby County
57,2012-09-15 15:00:00,Hull City,4,1,Millwall
58,2012-09-15 15:00:00,Middlesbrough,2,0,Ipswich Town
59,2012-09-15 15:00:00,Nottingham Forest,2,2,Birmingham City
60,2012-09-16 13:15:00,Wolverhampton Wanderers,2,1,Leicester City
61,2012-09-18 19:45:00,Birmingham City,2,1,Bolton Wanderers
62,2012-09-18 19:45:00,Blackburn Rovers,2,1,Barnsley
63,2012-09-18 19:45:00,Derby County,3,2,Charlton Athletic
64,2012-09-18 19:45:00,Leeds United,2,3,Hull City
65,2012-09-18 19:45:00,Millwall,0,2,Cardiff City
66,2012-09-18 19:45:00,Peterborough United,1,2,Bristol City
67,2012-09-18 19:45:00,Watford,0,1,Brighton & Hove Albion
68,2012-09-18 20:00:00,Blackpool,4,1,Middlesbrough
69,2012-09-18 20:00:00,Crystal Palace,1,1,Nottingham Forest
70,2012-09-19 19:45:00,Ipswich Town,0,2,Wolverhampton Wanderers
71,2012-09-19 19:45:00,Leicester City,2,1,Burnley
72,2012-09-19 19:45:00,Sheffield Wednesday,1,3,Huddersfield Town
73,2012-09-21 19:45:00,Blackburn Rovers,1,2,Middlesbrough
74,2012-09-22 15:00:00,Crystal Palace,3,2,Cardiff City
75,2012-09-22 15:00:00,Derby County,1,2,Burnley
76,2012-09-22 15:00:00,Ipswich Town,1,2,Charlton Athletic
77,2012-09-22 15:00:00,Leeds United,2,1,Nottingham Forest
78,2012-09-22 15:00:00,Millwall,1,2,Brighton & Hove Albion
79,2012-09-22 15:00:00,Peterborough United,0,2,Wolverhampton Wanderers
80,2012-09-22 15:00:00,Sheffield Wednesday,1,2,Bolton Wanderers
81,2012-09-22 15:00:00,Watford,2,2,Bristol City
82,2012-09-22 17:20:00,Birmingham City,0,5,Barnsley
83,2012-09-23 15:00:00,Leicester City,3,1,Hull City
84,2012-09-24 19:45:00,Blackpool,1,3,Huddersfield Town
85,2012-09-29 15:00:00,Barnsley,1,1,Ipswich Town
86,2012-09-29 15:00:00,Bolton Wanderers,0,1,Crystal Palace
87,2012-09-29 15:00:00,Bristol City,2,3,Leeds United
88,2012-09-29 15:00:00,Burnley,2,2,Millwall
89,2012-09-29 15:00:00,Cardiff City,3,0,Blackpool
90,2012-09-29 15:00:00,Charlton Athletic,1,1,Blackburn Rovers
91,2012-09-29 15:00:00,Huddersfield Town,2,3,Watford
92,2012-09-29 15:00:00,Hull City,1,3,Peterborough United
93,2012-09-29 15:00:00,Middlesbrough,1,2,Leicester City
94,2012-09-29 15:00:00,Wolverhampton Wanderers,1,0,Sheffield Wednesday
95,2012-09-29 17:30:00,Brighton & Hove Albion,0,1,Birmingham City
96,2012-09-30 13:15:00,Nottingham Forest,0,1,Derby County
97,2012-10-02 19:45:00,Barnsley,0,2,Peterborough United
98,2012-10-02 19:45:00,Brighton & Hove Albion,1,1,Ipswich Town
99,2012-10-02 19:45:00,Bristol City,1,1,Millwall
100,2012-10-02 19:45:00,Burnley,3,3,Sheffield Wednesday
101,2012-10-02 19:45:00,Cardiff City,2,1,Birmingham City
102,2012-10-02 19:45:00,Charlton Athletic,1,2,Watford
103,2012-10-02 19:45:00,Huddersfield Town,0,2,Leicester City
104,2012-10-02 19:45:00,Hull City,2,3,Blackpool
105,2012-10-02 19:45:00,Wolverhampton Wanderers,1,2,Crystal Palace
106,2012-10-02 20:00:00,Bolton Wanderers,2,2,Leeds United
107,2012-10-03 19:45:00,Middlesbrough,2,2,Derby County
108,2012-10-03 19:45:00,Nottingham Forest,0,0,Blackburn Rovers
109,2012-10-06 15:00:00,Birmingham City,0,1,Huddersfield Town
110,2012-10-06 15:00:00,Blackburn Rovers,0,1,Wolverhampton Wanderers
111,2012-10-06 15:00:00,Blackpool,0,2,Charlton Athletic
112,2012-10-06 15:00:00,Crystal Palace,4,3,Burnley
113,2012-10-06 15:00:00,Derby County,0,0,Brighton & Hove Albion
114,2012-10-06 15:00:00,Leeds United,1,0,Barnsley
115,2012-10-06 15:00:00,Leicester City,2,0,Bristol City
116,2012-10-06 15:00:00,Millwall,2,1,Bolton Wanderers
117,2012-10-06 15:00:00,Peterborough United,0,1,Nottingham Forest
118,2012-10-06 15:00:00,Sheffield Wednesday,0,1,Hull City
119,2012-10-06 15:00:00,Watford,1,2,Middlesbrough
120,2012-10-06 17:20:00,Ipswich Town,1,2,Cardiff City
121,2012-10-19 19:45:00,Sheffield Wednesday,1,1,Leeds United
122,2012-10-20 13:00:00,Crystal Palace,2,2,Millwall
123,2012-10-20 15:00:00,Birmingham City,1,1,Leicester City
124,2012-10-20 15:00:00,Bolton Wanderers,3,2,Bristol City
125,2012-10-20 15:00:00,Brighton & Hove Albion,0,1,Middlesbrough
126,2012-10-20 15:00:00,Charlton Athletic,0,1,Barnsley
127,2012-10-20 15:00:00,Derby County,1,1,Blackburn Rovers
128,2012-10-20 15:00:00,Huddersfield Town,2,1,Wolverhampton Wanderers
129,2012-10-20 15:00:00,Hull City,2,1,Ipswich Town
130,2012-10-20 15:00:00,Nottingham Forest,3,1,Cardiff City
131,2012-10-20 15:00:00,Watford,1,0,Peterborough United
132,2012-10-20 17:20:00,Burnley,1,0,Blackpool
133,2012-10-23 19:45:00,Barnsley,1,1,Crystal Palace
134,2012-10-23 19:45:00,Bristol City,3,4,Burnley
135,2012-10-23 19:45:00,Cardiff City,2,1,Watford
136,2012-10-23 19:45:00,Ipswich Town,1,2,Derby County
137,2012-10-23 19:45:00,Leeds United,1,1,Charlton Athletic
138,2012-10-23 19:45:00,Leicester City,1,0,Brighton & Hove Albion
139,2012-10-23 19:45:00,Middlesbrough,2,0,Hull City
140,2012-10-23 19:45:00,Millwall,3,3,Birmingham City
141,2012-10-23 19:45:00,Peterborough United,3,1,Huddersfield Town
142,2012-10-23 19:45:00,Wolverhampton Wanderers,2,2,Bolton Wanderers
143,2012-10-23 20:00:00,Blackpool,2,2,Nottingham Forest
144,2012-10-24 19:45:00,Blackburn Rovers,1,0,Sheffield Wednesday
145,2012-10-27 15:00:00,Barnsley,1,4,Nottingham Forest
146,2012-10-27 15:00:00,Blackburn Rovers,1,0,Watford
147,2012-10-27 15:00:00,Blackpool,1,1,Brighton & Hove Albion
148,2012-10-27 15:00:00,Cardiff City,4,0,Burnley
149,2012-10-27 15:00:00,Ipswich Town,0,3,Sheffield Wednesday
150,2012-10-27 15:00:00,Leeds United,0,1,Birmingham City
151,2012-10-27 15:00:00,Leicester City,1,2,Crystal Palace
152,2012-10-27 15:00:00,Middlesbrough,2,1,Bolton Wanderers
153,2012-10-27 15:00:00,Millwall,4,0,Huddersfield Town
154,2012-10-27 15:00:00,Peterborough United,3,0,Derby County
155,2012-10-27 15:00:00,Wolverhampton Wanderers,1,1,Charlton Athletic
156,2012-10-27 17:20:00,Bristol City,1,2,Hull City
157,2012-11-02 19:45:00,Brighton & Hove Albion,2,2,Leeds United
158,2012-11-03 15:00:00,Birmingham City,0,1,Ipswich Town
159,2012-11-03 15:00:00,Burnley,2,0,Wolverhampton Wanderers
160,2012-11-03 15:00:00,Charlton Athletic,1,4,Middlesbrough
161,2012-11-03 15:00:00,Crystal Palace,2,0,Blackburn Rovers
162,2012-11-03 15:00:00,Derby County,4,1,Blackpool
163,2012-11-03 15:00:00,Huddersfield Town,1,0,Bristol City
164,2012-11-03 15:00:00,Hull City,1,0,Barnsley
165,2012-11-03 15:00:00,Nottingham Forest,1,4,Millwall
166,2012-11-03 15:00:00,Sheffield Wednesday,2,1,Peterborough United
167,2012-11-03 15:00:00,Watford,2,1,Leicester City
168,2012-11-03 17:20:00,Bolton Wanderers,2,1,Cardiff City
169,2012-11-06 19:45:00,Birmingham City,2,0,Bristol City
170,2012-11-06 19:45:00,Brighton & Hove Albion,1,0,Peterborough United
171,2012-11-06 19:45:00,Burnley,1,0,Leeds United
172,2012-11-06 19:45:00,Charlton Athletic,5,4,Cardiff City
173,2012-11-06 19:45:00,Derby County,2,0,Barnsley
174,2012-11-06 19:45:00,Huddersfield Town,2,2,Blackburn Rovers
175,2012-11-06 19:45:00,Hull City,2,1,Wolverhampton Wanderers
176,2012-11-06 19:45:00,Nottingham Forest,0,0,Middlesbrough
177,2012-11-06 19:45:00,Sheffield Wednesday,0,2,Blackpool
178,2012-11-06 19:45:00,Watford,0,0,Millwall
179,2012-11-06 20:00:00,Bolton Wanderers,0,0,Leicester City
180,2012-11-06 20:00:00,Crystal Palace,5,0,Ipswich Town
181,2012-11-09 19:45:00,Middlesbrough,3,1,Sheffield Wednesday
182,2012-11-10 12:45:00,Leicester City,2,2,Nottingham Forest
183,2012-11-10 15:00:00,Barnsley,0,1,Huddersfield Town
184,2012-11-10 15:00:00,Blackburn Rovers,1,1,Birmingham City
185,2012-11-10 15:00:00,Blackpool,2,2,Bolton Wanderers
186,2012-11-10 15:00:00,Cardiff City,2,1,Hull City
187,2012-11-10 15:00:00,Ipswich Town,2,1,Burnley
188,2012-11-10 15:00:00,Leeds United,1,6,Watford
189,2012-11-10 15:00:00,Millwall,2,1,Derby County
190,2012-11-10 15:00:00,Peterborough United,1,2,Crystal Palace
191,2012-11-10 15:00:00,Wolverhampton Wanderers,3,3,Brighton & Hove Albion
192,2012-11-11 15:00:00,Bristol City,0,2,Charlton Athletic
193,2012-11-17 15:00:00,Birmingham City,2,3,Hull City
194,2012-11-17 15:00:00,Bolton Wanderers,1,1,Barnsley
195,2012-11-17 15:00:00,Bristol City,1,1,Blackpool
196,2012-11-17 15:00:00,Burnley,0,1,Charlton Athletic
197,2012-11-17 15:00:00,Cardiff City,1,0,Middlesbrough
198,2012-11-17 15:00:00,Crystal Palace,3,0,Derby County
199,2012-11-17 15:00:00,Huddersfield Town,1,2,Brighton & Hove Albion
200,2012-11-17 15:00:00,Leicester City,6,0,Ipswich Town
201,2012-11-17 15:00:00,Nottingham Forest,1,0,Sheffield Wednesday
202,2012-11-17 15:00:00,Watford,2,1,Wolverhampton Wanderers
203,2012-11-17 17:20:00,Peterborough United,1,4,Blackburn Rovers
204,2012-11-18 13:15:00,Millwall,1,0,Leeds United
205,2012-11-24 15:00:00,Barnsley,1,2,Cardiff City
206,2012-11-24 15:00:00,Blackburn Rovers,0,2,Millwall
207,2012-11-24 15:00:00,Blackpool,2,2,Watford
208,2012-11-24 15:00:00,Brighton & Hove Albion,1,1,Bolton Wanderers
209,2012-11-24 15:00:00,Charlton Athletic,1,1,Huddersfield Town
210,2012-11-24 15:00:00,Hull City,0,1,Burnley
211,2012-11-24 15:00:00,Ipswich Town,1,1,Peterborough United
212,2012-11-24 15:00:00,Leeds United,2,1,Crystal Palace
213,2012-11-24 15:00:00,Middlesbrough,1,3,Bristol City
214,2012-11-24 15:00:00,Sheffield Wednesday,0,2,Leicester City
215,2012-11-24 15:00:00,Wolverhampton Wanderers,1,2,Nottingham Forest
216,2012-11-24 17:20:00,Derby County,3,2,Birmingham City
217,2012-11-27 19:45:00,Barnsley,1,1,Burnley
218,2012-11-27 19:45:00,Brighton & Hove Albion,2,0,Bristol City
219,2012-11-27 19:45:00,Charlton Athletic,2,0,Peterborough United
220,2012-11-27 19:45:00,Derby County,1,1,Cardiff City
221,2012-11-27 19:45:00,Hull City,0,0,Crystal Palace
222,2012-11-27 19:45:00,Ipswich Town,3,1,Nottingham Forest
223,2012-11-27 19:45:00,Leeds United,1,0,Leicester City
224,2012-11-27 19:45:00,Middlesbrough,3,0,Huddersfield Town
225,2012-11-27 19:45:00,Sheffield Wednesday,1,4,Watford
226,2012-11-27 19:45:00,Wolverhampton Wanderers,0,1,Millwall
227,2012-11-27 20:00:00,Blackpool,1,1,Birmingham City
228,2012-11-28 19:45:00,Blackburn Rovers,1,2,Bolton Wanderers
229,2012-11-30 19:45:00,Birmingham City,3,2,Middlesbrough
230,2012-12-01 12:30:00,Huddersfield Town,2,4,Leeds United
231,2012-12-01 15:00:00,Bolton Wanderers,1,2,Ipswich Town
232,2012-12-01 15:00:00,Bristol City,1,4,Wolverhampton Wanderers
233,2012-12-01 15:00:00,Crystal Palace,3,0,Brighton & Hove Albion
234,2012-12-01 15:00:00,Millwall,0,0,Charlton Athletic
235,2012-12-01 15:00:00,Nottingham Forest,1,2,Hull City
236,2012-12-01 15:00:00,Peterborough United,1,4,Blackpool
237,2012-12-01 15:00:00,Watford,4,1,Barnsley
238,2012-12-01 17:20:00,Leicester City,4,1,Derby County
239,2012-12-02 12:30:00,Burnley,1,1,Blackburn Rovers
240,2012-12-02 15:00:00,Cardiff City,1,0,Sheffield Wednesday
241,2012-12-07 19:45:00,Blackburn Rovers,1,4,Cardiff City
242,2012-12-08 13:00:00,Derby County,3,1,Leeds United
243,2012-12-08 15:00:00,Charlton Athletic,2,2,Brighton & Hove Albion
244,2012-12-08 15:00:00,Crystal Palace,2,2,Blackpool
245,2012-12-08 15:00:00,Huddersfield Town,2,2,Bolton Wanderers
246,2012-12-08 15:00:00,Ipswich Town,3,0,Millwall
247,2012-12-08 15:00:00,Leicester City,2,2,Barnsley
248,2012-12-08 15:00:00,Nottingham Forest,2,0,Burnley
249,2012-12-08 15:00:00,Peterborough United,2,3,Middlesbrough
250,2012-12-08 15:00:00,Sheffield Wednesday,2,3,Bristol City
251,2012-12-08 15:00:00,Watford,1,2,Hull City
252,2012-12-08 17:20:00,Wolverhampton Wanderers,1,0,Birmingham City
253,2012-12-15 12:30:00,Hull City,2,0,Huddersfield Town
254,2012-12-15 15:00:00,Birmingham City,2,2,Crystal Palace
255,2012-12-15 15:00:00,Blackpool,2,0,Blackburn Rovers
256,2012-12-15 15:00:00,Bolton Wanderers,2,0,Charlton Athletic
257,2012-12-15 15:00:00,Brighton & Hove Albion,0,0,Nottingham Forest
258,2012-12-15 15:00:00,Bristol City,0,2,Derby County
259,2012-12-15 15:00:00,Burnley,1,1,Watford
260,2012-12-15 15:00:00,Cardiff City,1,2,Peterborough United
261,2012-12-15 15:00:00,Leeds United,2,0,Ipswich Town
262,2012-12-15 15:00:00,Middlesbrough,2,0,Wolverhampton Wanderers
263,2012-12-15 15:00:00,Millwall,1,0,Leicester City
264,2012-12-15 17:20:00,Barnsley,0,1,Sheffield Wednesday
265,2012-12-18 19:45:00,Brighton & Hove Albion,2,2,Millwall
266,2012-12-21 19:45:00,Blackpool,1,2,Wolverhampton Wanderers
267,2012-12-21 19:45:00,Derby County,1,2,Hull City
268,2012-12-22 15:00:00,Birmingham City,2,2,Burnley
269,2012-12-22 15:00:00,Ipswich Town,1,1,Bristol City
270,2012-12-22 15:00:00,Leeds United,2,1,Middlesbrough
271,2012-12-22 15:00:00,Leicester City,0,1,Cardiff City
272,2012-12-22 15:00:00,Millwall,1,2,Barnsley
273,2012-12-22 15:00:00,Peterborough United,5,4,Bolton Wanderers
274,2012-12-22 15:00:00,Sheffield Wednesday,2,0,Charlton Athletic
275,2012-12-22 15:00:00,Watford,2,0,Nottingham Forest
276,2012-12-22 17:20:00,Crystal Palace,1,1,Huddersfield Town
277,2012-12-26 12:15:00,Nottingham Forest,4,2,Leeds United
278,2012-12-26 13:00:00,Charlton Athletic,1,2,Ipswich Town
279,2012-12-26 15:00:00,Barnsley,1,2,Birmingham City
280,2012-12-26 15:00:00,Bolton Wanderers,0,1,Sheffield Wednesday
281,2012-12-26 15:00:00,Burnley,2,0,Derby County
282,2012-12-26 15:00:00,Cardiff City,2,1,Crystal Palace
283,2012-12-26 15:00:00,Huddersfield Town,1,1,Blackpool
284,2012-12-26 15:00:00,Hull City,0,0,Leicester City
285,2012-12-26 15:00:00,Middlesbrough,1,0,Blackburn Rovers
286,2012-12-26 15:00:00,Wolverhampton Wanderers,0,3,Peterborough United
287,2012-12-29 12:30:00,Huddersfield Town,0,0,Sheffield Wednesday
288,2012-12-29 12:30:00,Hull City,2,0,Leeds United
289,2012-12-29 15:00:00,Barnsley,1,3,Blackburn Rovers
290,2012-12-29 15:00:00,Bolton Wanderers,3,1,Birmingham City
291,2012-12-29 15:00:00,Bristol City,4,2,Peterborough United
292,2012-12-29 15:00:00,Burnley,0,1,Leicester City
293,2012-12-29 15:00:00,Cardiff City,1,0,Millwall
294,2012-12-29 15:00:00,Charlton Athletic,1,1,Derby County
295,2012-12-29 15:00:00,Middlesbrough,4,2,Blackpool
296,2012-12-29 15:00:00,Nottingham Forest,2,2,Crystal Palace
297,2012-12-29 15:00:00,Wolverhampton Wanderers,0,2,Ipswich Town
298,2012-12-29 17:20:00,Brighton & Hove Albion,1,3,Watford
299,2013-01-01 13:00:00,Watford,3,4,Charlton Athletic
300,2013-01-01 15:00:00,Birmingham City,0,1,Cardiff City
301,2013-01-01 15:00:00,Blackburn Rovers,3,0,Nottingham Forest
302,2013-01-01 15:00:00,Blackpool,0,0,Hull City
303,2013-01-01 15:00:00,Crystal Palace,3,1,Wolverhampton Wanderers
304,2013-01-01 15:00:00,Derby County,3,1,Middlesbrough
305,2013-01-01 15:00:00,Ipswich Town,0,3,Brighton & Hove Albion
306,2013-01-01 15:00:00,Leeds United,1,0,Bolton Wanderers
307,2013-01-01 15:00:00,Leicester City,6,1,Huddersfield Town
308,2013-01-01 15:00:00,Millwall,2,1,Bristol City
309,2013-01-01 15:00:00,Peterborough United,2,1,Barnsley
310,2013-01-01 15:00:00,Sheffield Wednesday,0,2,Burnley
311,2013-01-11 19:45:00,Wolverhampton Wanderers,1,1,Blackburn Rovers
312,2013-01-12 15:00:00,Barnsley,2,0,Leeds United
313,2013-01-12 15:00:00,Bolton Wanderers,1,1,Millwall
314,2013-01-12 15:00:00,Brighton & Hove Albion,2,1,Derby County
315,2013-01-12 15:00:00,Bristol City,0,4,Leicester City
316,2013-01-12 15:00:00,Burnley,1,0,Crystal Palace
317,2013-01-12 15:00:00,Cardiff City,0,0,Ipswich Town
318,2013-01-12 15:00:00,Charlton Athletic,2,1,Blackpool
319,2013-01-12 15:00:00,Huddersfield Town,1,1,Birmingham City
320,2013-01-12 15:00:00,Middlesbrough,1,2,Watford
321,2013-01-12 15:00:00,Nottingham Forest,2,1,Peterborough United
322,2013-01-12 17:20:00,Hull City,1,3,Sheffield Wednesday
323,2013-01-18 19:45:00,Leicester City,1,0,Middlesbrough
324,2013-01-19 13:00:00,Derby County,1,1,Nottingham Forest
325,2013-01-19 15:00:00,Birmingham City,2,2,Brighton & Hove Albion
326,2013-01-19 15:00:00,Blackburn Rovers,1,2,Charlton Athletic
327,2013-01-19 15:00:00,Crystal Palace,0,0,Bolton Wanderers
328,2013-01-19 15:00:00,Ipswich Town,1,1,Barnsley
329,2013-01-19 15:00:00,Leeds United,1,0,Bristol City
330,2013-01-19 15:00:00,Millwall,0,2,Burnley
331,2013-01-19 15:00:00,Peterborough United,1,1,Hull City
332,2013-01-19 15:00:00,Sheffield Wednesday,0,0,Wolverhampton Wanderers
333,2013-01-19 15:00:00,Watford,4,0,Huddersfield Town
334,2013-01-19 17:20:00,Blackpool,1,2,Cardiff City
335,2013-01-22 19:45:00,Blackburn Rovers,1,1,Brighton & Hove Albion
336,2013-01-26 15:00:00,Bristol City,2,1,Ipswich Town
337,2013-01-26 15:00:00,Burnley,1,2,Birmingham City
338,2013-01-26 15:00:00,Charlton Athletic,1,2,Sheffield Wednesday
339,2013-01-26 15:00:00,Nottingham Forest,0,3,Watford
340,2013-01-26 15:00:00,Wolverhampton Wanderers,1,2,Blackpool
341,2013-01-29 19:45:00,Barnsley,2,0,Millwall
342,2013-01-29 19:45:00,Bristol City,2,0,Watford
343,2013-01-30 19:45:00,Huddersfield Town,1,0,Crystal Palace
344,2013-01-31 19:45:00,Leicester City,2,1,Wolverhampton Wanderers
345,2013-02-02 15:00:00,Birmingham City,2,1,Nottingham Forest
346,2013-02-02 15:00:00,Blackburn Rovers,2,0,Bristol City
347,2013-02-02 15:00:00,Blackpool,1,2,Barnsley
348,2013-02-02 15:00:00,Crystal Palace,2,1,Charlton Athletic
349,2013-02-02 15:00:00,Derby County,3,0,Huddersfield Town
350,2013-02-02 15:00:00,Ipswich Town,4,0,Middlesbrough
351,2013-02-02 15:00:00,Leeds United,0,1,Cardiff City
352,2013-02-02 15:00:00,Millwall,0,1,Hull City
353,2013-02-02 15:00:00,Peterborough United,2,2,Burnley
354,2013-02-02 15:00:00,Sheffield Wednesday,3,1,Brighton & Hove Albion
355,2013-02-02 15:00:00,Watford,2,1,Bolton Wanderers
356,2013-02-08 19:45:00,Watford,2,2,Crystal Palace
357,2013-02-09 15:00:00,Blackburn Rovers,1,0,Ipswich Town
358,2013-02-09 15:00:00,Blackpool,2,1,Millwall
359,2013-02-09 15:00:00,Bolton Wanderers,2,1,Burnley
360,2013-02-09 15:00:00,Bristol City,2,0,Nottingham Forest
361,2013-02-09 15:00:00,Charlton Athletic,1,1,Birmingham City
362,2013-02-09 15:00:00,Huddersfield Town,0,0,Cardiff City
363,2013-02-09 15:00:00,Middlesbrough,2,3,Barnsley
364,2013-02-09 15:00:00,Peterborough United,2,1,Leicester City
365,2013-02-09 15:00:00,Sheffield Wednesday,2,2,Derby County
366,2013-02-09 15:00:00,Wolverhampton Wanderers,2,2,Leeds United
367,2013-02-09 17:20:00,Brighton & Hove Albion,1,0,Hull City
368,2013-02-12 19:45:00,Brighton & Hove Albion,1,1,Blackburn Rovers
369,2013-02-12 19:45:00,Hull City,2,1,Derby County
370,2013-02-12 19:45:00,Middlesbrough,1,0,Leeds United
371,2013-02-16 13:00:00,Cardiff City,2,1,Bristol City
372,2013-02-16 15:00:00,Birmingham City,0,4,Watford
373,2013-02-16 15:00:00,Crystal Palace,4,1,Middlesbrough
374,2013-02-16 15:00:00,Derby County,0,0,Wolverhampton Wanderers
375,2013-02-16 15:00:00,Hull City,1,0,Charlton Athletic
376,2013-02-16 15:00:00,Ipswich Town,1,0,Blackpool
377,2013-02-16 15:00:00,Nottingham Forest,1,1,Bolton Wanderers
378,2013-02-19 19:45:00,Barnsley,2,1,Wolverhampton Wanderers
379,2013-02-19 19:45:00,Birmingham City,0,0,Sheffield Wednesday
380,2013-02-19 19:45:00,Burnley,0,0,Middlesbrough
381,2013-02-19 19:45:00,Cardiff City,0,2,Brighton & Hove Albion
382,2013-02-19 19:45:00,Derby County,1,1,Bolton Wanderers
383,2013-02-19 19:45:00,Hull City,2,0,Blackburn Rovers
384,2013-02-19 19:45:00,Ipswich Town,0,2,Watford
385,2013-02-19 19:45:00,Leicester City,1,2,Charlton Athletic
386,2013-02-19 19:45:00,Millwall,1,5,Peterborough United
387,2013-02-19 19:45:00,Nottingham Forest,6,1,Huddersfield Town
388,2013-02-19 20:00:00,Crystal Palace,2,1,Bristol City
389,2013-02-20 19:45:00,Leeds United,2,0,Blackpool
390,2013-02-23 15:00:00,Blackburn Rovers,0,0,Leeds United
391,2013-02-23 15:00:00,Blackpool,0,0,Leicester City
392,2013-02-23 15:00:00,Bolton Wanderers,4,1,Hull City
393,2013-02-23 15:00:00,Brighton & Hove Albion,1,0,Burnley
394,2013-02-23 15:00:00,Bristol City,5,3,Barnsley
395,2013-02-23 15:00:00,Charlton Athletic,0,2,Nottingham Forest
396,2013-02-23 15:00:00,Huddersfield Town,0,0,Ipswich Town
397,2013-02-23 15:00:00,Peterborough United,0,2,Birmingham City
398,2013-02-23 15:00:00,Sheffield Wednesday,1,0,Crystal Palace
399,2013-02-23 15:00:00,Watford,2,1,Derby County
400,2013-02-23 17:20:00,Middlesbrough,1,2,Millwall
401,2013-02-24 14:00:00,Wolverhampton Wanderers,1,2,Cardiff City
402,2013-02-26 19:45:00,Burnley,0,1,Huddersfield Town
403,2013-02-26 19:45:00,Leicester City,3,0,Blackburn Rovers
404,2013-02-26 20:00:00,Bolton Wanderers,1,0,Peterborough United
405,2013-03-01 19:45:00,Derby County,0,1,Crystal Palace
406,2013-03-01 19:45:00,Wolverhampton Wanderers,1,1,Watford
407,2013-03-02 12:30:00,Leeds United,1,0,Millwall
408,2013-03-02 15:00:00,Barnsley,2,3,Bolton Wanderers
409,2013-03-02 15:00:00,Blackburn Rovers,2,3,Peterborough United
410,2013-03-02 15:00:00,Blackpool,0,0,Bristol City
411,2013-03-02 15:00:00,Brighton & Hove Albion,4,1,Huddersfield Town
412,2013-03-02 15:00:00,Charlton Athletic,0,1,Burnley
413,2013-03-02 15:00:00,Hull City,5,2,Birmingham City
414,2013-03-02 15:00:00,Ipswich Town,1,0,Leicester City
415,2013-03-02 15:00:00,Middlesbrough,2,1,Cardiff City
416,2013-03-02 17:20:00,Sheffield Wednesday,0,1,Nottingham Forest
417,2013-03-05 19:45:00,Birmingham City,1,1,Blackpool
418,2013-03-05 19:45:00,Bristol City,0,0,Brighton & Hove Albion
419,2013-03-05 19:45:00,Burnley,1,1,Barnsley
420,2013-03-05 19:45:00,Cardiff City,1,1,Derby County
421,2013-03-05 19:45:00,Huddersfield Town,2,1,Middlesbrough
422,2013-03-05 19:45:00,Leicester City,1,1,Leeds United
423,2013-03-05 19:45:00,Millwall,0,2,Wolverhampton Wanderers
424,2013-03-05 19:45:00,Nottingham Forest,1,0,Ipswich Town
425,2013-03-05 19:45:00,Peterborough United,2,2,Charlton Athletic
426,2013-03-05 19:45:00,Watford,2,1,Sheffield Wednesday
427,2013-03-05 20:00:00,Bolton Wanderers,1,0,Blackburn Rovers
428,2013-03-05 20:00:00,Crystal Palace,4,2,Hull City
429,2013-03-09 15:00:00,Birmingham City,3,1,Derby County
430,2013-03-09 15:00:00,Bolton Wanderers,1,0,Brighton & Hove Albion
431,2013-03-09 15:00:00,Bristol City,2,0,Middlesbrough
432,2013-03-09 15:00:00,Crystal Palace,2,2,Leeds United
433,2013-03-09 15:00:00,Huddersfield Town,0,1,Charlton Athletic
434,2013-03-09 15:00:00,Leicester City,0,1,Sheffield Wednesday
435,2013-03-09 15:00:00,Nottingham Forest,3,1,Wolverhampton Wanderers
436,2013-03-09 15:00:00,Peterborough United,0,0,Ipswich Town
437,2013-03-09 15:00:00,Watford,1,2,Blackpool
438,2013-03-11 19:45:00,Burnley,0,1,Hull City
439,2013-03-12 19:45:00,Barnsley,2,1,Brighton & Hove Albion
440,2013-03-12 19:45:00,Cardiff City,1,1,Leicester City
441,2013-03-12 19:45:00,Leeds United,1,1,Peterborough United
442,2013-03-16 12:30:00,Charlton Athletic,0,2,Millwall
443,2013-03-16 12:30:00,Leeds United,1,2,Huddersfield Town
444,2013-03-16 15:00:00,Barnsley,1,0,Watford
445,2013-03-16 15:00:00,Blackpool,0,1,Peterborough United
446,2013-03-16 15:00:00,Hull City,1,2,Nottingham Forest
447,2013-03-16 15:00:00,Ipswich Town,1,0,Bolton Wanderers
448,2013-03-16 15:00:00,Middlesbrough,0,1,Birmingham City
449,2013-03-16 15:00:00,Sheffield Wednesday,0,2,Cardiff City
450,2013-03-16 15:00:00,Wolverhampton Wanderers,2,1,Bristol City
451,2013-03-16 17:20:00,Derby County,2,1,Leicester City
452,2013-03-17 12:00:00,Brighton & Hove Albion,3,0,Crystal Palace
453,2013-03-17 12:30:00,Blackburn Rovers,1,1,Burnley
454,2013-03-29 15:00:00,Blackburn Rovers,1,1,Blackpool
455,2013-03-29 15:00:00,Watford,3,3,Burnley
456,2013-03-29 17:30:00,Crystal Palace,0,4,Birmingham City
457,2013-03-29 19:45:00,Derby County,3,0,Bristol City
458,2013-03-29 19:45:00,Leicester City,0,1,Millwall
459,2013-03-30 15:00:00,Charlton Athletic,3,2,Bolton Wanderers
460,2013-03-30 15:00:00,Ipswich Town,3,0,Leeds United
461,2013-03-30 15:00:00,Nottingham Forest,2,2,Brighton & Hove Albion
462,2013-03-30 15:00:00,Peterborough United,2,1,Cardiff City
463,2013-03-30 15:00:00,Sheffield Wednesday,2,1,Barnsley
464,2013-03-30 15:00:00,Wolverhampton Wanderers,3,2,Middlesbrough
465,2013-03-30 17:20:00,Huddersfield Town,0,1,Hull City
466,2013-04-01 15:00:00,Barnsley,2,0,Leicester City
467,2013-04-01 15:00:00,Birmingham City,2,3,Wolverhampton Wanderers
468,2013-04-01 15:00:00,Blackpool,1,0,Crystal Palace
469,2013-04-01 15:00:00,Bristol City,1,1,Sheffield Wednesday
470,2013-04-01 15:00:00,Burnley,1,1,Nottingham Forest
471,2013-04-01 15:00:00,Cardiff City,3,0,Blackburn Rovers
472,2013-04-01 15:00:00,Millwall,0,0,Ipswich Town
473,2013-04-01 17:05:00,Leeds United,1,2,Derby County
474,2013-04-02 19:45:00,Brighton & Hove Albion,0,0,Charlton Athletic
475,2013-04-02 19:45:00,Hull City,0,1,Watford
476,2013-04-02 19:45:00,Middlesbrough,0,0,Peterborough United
477,2013-04-02 20:00:00,Bolton Wanderers,1,0,Huddersfield Town
478,2013-04-06 15:00:00,Birmingham City,1,1,Millwall
479,2013-04-06 15:00:00,Bolton Wanderers,2,0,Wolverhampton Wanderers
480,2013-04-06 15:00:00,Brighton & Hove Albion,1,1,Leicester City
481,2013-04-06 15:00:00,Burnley,3,1,Bristol City
482,2013-04-06 15:00:00,Charlton Athletic,2,1,Leeds United
483,2013-04-06 15:00:00,Crystal Palace,0,0,Barnsley
484,2013-04-06 15:00:00,Derby County,0,1,Ipswich Town
485,2013-04-06 15:00:00,Huddersfield Town,2,2,Peterborough United
486,2013-04-06 15:00:00,Hull City,1,0,Middlesbrough
487,2013-04-06 15:00:00,Nottingham Forest,1,1,Blackpool
488,2013-04-06 15:00:00,Sheffield Wednesday,3,2,Blackburn Rovers
489,2013-04-06 17:20:00,Watford,0,0,Cardiff City
490,2013-04-09 19:45:00,Cardiff City,1,1,Barnsley
491,2013-04-09 19:45:00,Millwall,1,2,Sheffield Wednesday
492,2013-04-12 19:45:00,Leicester City,2,2,Birmingham City
493,2013-04-13 12:30:00,Leeds United,2,1,Sheffield Wednesday
494,2013-04-13 15:00:00,Barnsley,0,6,Charlton Athletic
495,2013-04-13 15:00:00,Blackburn Rovers,2,0,Derby County
496,2013-04-13 15:00:00,Blackpool,1,0,Burnley
497,2013-04-13 15:00:00,Bristol City,1,2,Bolton Wanderers
498,2013-04-13 15:00:00,Cardiff City,3,0,Nottingham Forest
499,2013-04-13 15:00:00,Ipswich Town,1,2,Hull City
500,2013-04-13 15:00:00,Middlesbrough,0,2,Brighton & Hove Albion
501,2013-04-13 15:00:00,Peterborough United,3,2,Watford
502,2013-04-13 15:00:00,Wolverhampton Wanderers,1,3,Huddersfield Town
503,2013-04-16 19:45:00,Barnsley,1,1,Derby County
504,2013-04-16 19:45:00,Blackburn Rovers,1,0,Huddersfield Town
505,2013-04-16 19:45:00,Bristol City,0,1,Birmingham City
506,2013-04-16 19:45:00,Cardiff City,0,0,Charlton Athletic
507,2013-04-16 19:45:00,Ipswich Town,3,0,Crystal Palace
508,2013-04-16 19:45:00,Leeds United,1,0,Burnley
509,2013-04-16 19:45:00,Leicester City,3,2,Bolton Wanderers
510,2013-04-16 19:45:00,Middlesbrough,1,0,Nottingham Forest
511,2013-04-16 19:45:00,Millwall,1,0,Watford
512,2013-04-16 19:45:00,Peterborough United,0,0,Brighton & Hove Albion
513,2013-04-16 19:45:00,Wolverhampton Wanderers,1,0,Hull City
514,2013-04-16 20:00:00,Blackpool,0,0,Sheffield Wednesday
515,2013-04-19 19:45:00,Hull City,0,0,Bristol City
516,2013-04-20 12:30:00,Huddersfield Town,3,0,Millwall
517,2013-04-20 12:45:00,Burnley,1,1,Cardiff City
518,2013-04-20 15:00:00,Birmingham City,1,0,Leeds United
519,2013-04-20 15:00:00,Bolton Wanderers,2,1,Middlesbrough
520,2013-04-20 15:00:00,Brighton & Hove Albion,6,1,Blackpool
521,2013-04-20 15:00:00,Charlton Athletic,2,1,Wolverhampton Wanderers
522,2013-04-20 15:00:00,Crystal Palace,2,2,Leicester City
523,2013-04-20 15:00:00,Derby County,3,1,Peterborough United
524,2013-04-20 15:00:00,Nottingham Forest,0,0,Barnsley
525,2013-04-20 15:00:00,Sheffield Wednesday,1,1,Ipswich Town
526,2013-04-20 15:00:00,Watford,4,0,Blackburn Rovers
527,2013-04-23 19:45:00,Millwall,1,2,Blackburn Rovers
528,2013-04-26 19:45:00,Leicester City,1,2,Watford
529,2013-04-27 15:00:00,Barnsley,2,0,Hull City
530,2013-04-27 15:00:00,Blackburn Rovers,1,1,Crystal Palace
531,2013-04-27 15:00:00,Blackpool,2,1,Derby County
532,2013-04-27 15:00:00,Bristol City,1,3,Huddersfield Town
533,2013-04-27 15:00:00,Cardiff City,1,1,Bolton Wanderers
534,2013-04-27 15:00:00,Ipswich Town,3,1,Birmingham City
535,2013-04-27 15:00:00,Leeds United,1,2,Brighton & Hove Albion
536,2013-04-27 15:00:00,Middlesbrough,2,2,Charlton Athletic
537,2013-04-27 15:00:00,Millwall,0,1,Nottingham Forest
538,2013-04-27 15:00:00,Wolverhampton Wanderers,1,2,Burnley
539,2013-04-27 17:20:00,Peterborough United,1,0,Sheffield Wednesday
540,2013-04-30 19:45:00,Millwall,0,0,Crystal Palace
541,2013-05-04 12:45:00,Birmingham City,1,1,Blackburn Rovers
542,2013-05-04 12:45:00,Bolton Wanderers,2,2,Blackpool
543,2013-05-04 12:45:00,Brighton & Hove Albion,2,0,Wolverhampton Wanderers
544,2013-05-04 12:45:00,Burnley,2,0,Ipswich Town
545,2013-05-04 12:45:00,Charlton Athletic,4,1,Bristol City
546,2013-05-04 12:45:00,Crystal Palace,3,2,Peterborough United
547,2013-05-04 12:45:00,Derby County,1,0,Millwall
548,2013-05-04 12:45:00,Huddersfield Town,2,2,Barnsley
549,2013-05-04 12:45:00,Hull City,2,2,Cardiff City
550,2013-05-04 12:45:00,Nottingham Forest,2,3,Leicester City
551,2013-05-04 12:45:00,Sheffield Wednesday,2,0,Middlesbrough
552,2013-05-04 12:45:00,Watford,1,2,Leeds United
553,2013-05-09 19:45:00,Leicester City,1,0,Watford
554,2013-05-10 19:45:00,Crystal Palace,0,0,Brighton & Hove Albion
555,2013-05-12 12:30:00,Watford,3,1,Leicester City
556,2013-05-13 19:45:00,Brighton & Hove Albion,0,2,Crystal Palace
557,2013-05-27 15:00:00,Crystal Palace,1,0,Watford
