Match Number,Round Number,Date,Location,Home Team,Away Team,Result
1,1,09/08/2024 20:00,Ewood Park,Blackburn Rovers,Derby County,4 - 2
2,1,09/08/2024 20:00,Deepdale,Preston North End,Sheffield United,0 - 2
3,1,10/08/2024 12:30,Cardiff City Stadium,Cardiff City,Sunderland,0 - 2
4,1,10/08/2024 12:30,The MKM Stadium,Hull City,Bristol City,1 - 1
5,1,10/08/2024 12:30,Elland Road,Leeds United,Portsmouth,3 - 3
6,1,10/08/2024 12:30,Riverside Stadium,Middlesbrough,Swansea City,1 - 0
7,1,10/08/2024 12:30,The Den,Millwall,Watford,2 - 3
8,1,10/08/2024 12:30,The Kassam Stadium,Oxford United,Norwich City,2 - 0
9,1,10/08/2024 12:30,MATRADE Loftus Road,Queens Park Rangers,West Bromwich Albion,1 - 3
10,1,10/08/2024 12:30,bet365 Stadium,Stoke City,Coventry City,1 - 0
11,1,11/08/2024 16:00,Hillsborough,Sheffield Wednesday,Plymouth Argyle,4 - 0
12,1,12/08/2024 20:00,Kenilworth Road,Luton Town,Burnley,1 - 4
15,2,16/08/2024 20:00,The Coventry Building Society Arena,Coventry City,Oxford United,3 - 2
16,2,17/08/2024 12:30,Pride Park Stadium,Derby County,Middlesbrough,1 - 0
19,2,17/08/2024 12:30,Fratton Park,Portsmouth,Luton Town,0 - 0
24,2,17/08/2024 12:30,The Hawthorns,West Bromwich Albion,Leeds United,0 - 0
13,2,17/08/2024 15:00,Ashton Gate Stadium,Bristol City,Millwall,4 - 3
14,2,17/08/2024 15:00,Turf Moor,Burnley,Cardiff City,5 - 0
17,2,17/08/2024 15:00,Carrow Road,Norwich City,Blackburn Rovers,2 - 2
18,2,17/08/2024 15:00,Home Park,Plymouth Argyle,Hull City,1 - 1
20,2,17/08/2024 15:00,Bramall Lane,Sheffield United,Queens Park Rangers,2 - 2
22,2,17/08/2024 15:00,Swansea.com Stadium,Swansea City,Preston North End,3 - 0
23,2,17/08/2024 15:00,Vicarage Road,Watford,Stoke City,3 - 0
21,2,18/08/2024 12:00,Stadium of Light,Sunderland,Sheffield Wednesday,4 - 0
32,3,23/08/2024 20:00,Hillsborough,Sheffield Wednesday,Leeds United,0 - 2
26,3,24/08/2024 12:30,Ashton Gate Stadium,Bristol City,Coventry City,1 - 1
27,3,24/08/2024 12:30,The MKM Stadium,Hull City,Millwall,0 - 0
31,3,24/08/2024 12:30,MATRADE Loftus Road,Queens Park Rangers,Plymouth Argyle,1 - 1
25,3,24/08/2024 15:00,Ewood Park,Blackburn Rovers,Oxford United,2 - 1
28,3,24/08/2024 15:00,Riverside Stadium,Middlesbrough,Portsmouth,2 - 2
29,3,24/08/2024 15:00,Carrow Road,Norwich City,Sheffield United,1 - 1
30,3,24/08/2024 15:00,Deepdale,Preston North End,Luton Town,1 - 0
33,3,24/08/2024 15:00,bet365 Stadium,Stoke City,West Bromwich Albion,1 - 2
34,3,24/08/2024 15:00,Stadium of Light,Sunderland,Burnley,1 - 0
36,3,24/08/2024 15:00,Vicarage Road,Watford,Derby County,2 - 1
35,3,25/08/2024 15:00,Swansea.com Stadium,Swansea City,Cardiff City,1 - 1
42,4,30/08/2024 20:00,Kenilworth Road,Luton Town,Queens Park Rangers,1 - 2
37,4,31/08/2024 12:30,Turf Moor,Burnley,Blackburn Rovers,1 - 1
38,4,31/08/2024 12:30,Cardiff City Stadium,Cardiff City,Middlesbrough,0 - 2
39,4,31/08/2024 12:30,The Coventry Building Society Arena,Coventry City,Norwich City,0 - 1
40,4,31/08/2024 15:00,Pride Park Stadium,Derby County,Bristol City,3 - 0
41,4,31/08/2024 15:00,Elland Road,Leeds United,Hull City,2 - 0
43,4,31/08/2024 15:00,The Den,Millwall,Sheffield Wednesday,3 - 0
44,4,31/08/2024 15:00,The Kassam Stadium,Oxford United,Preston North End,3 - 1
45,4,31/08/2024 15:00,Home Park,Plymouth Argyle,Stoke City,0 - 1
46,4,31/08/2024 15:00,Fratton Park,Portsmouth,Sunderland,1 - 3
48,4,31/08/2024 15:00,The Hawthorns,West Bromwich Albion,Swansea City,1 - 0
47,4,01/09/2024 15:00,Bramall Lane,Sheffield United,Watford,1 - 0
51,5,13/09/2024 20:00,The MKM Stadium,Hull City,Sheffield United,0 - 2
52,5,14/09/2024 12:30,Elland Road,Leeds United,Burnley,0 - 1
54,5,14/09/2024 12:30,The Den,Millwall,Luton Town,0 - 1
55,5,14/09/2024 12:30,The Kassam Stadium,Oxford United,Stoke City,1 - 0
49,5,14/09/2024 15:00,Ewood Park,Blackburn Rovers,Bristol City,3 - 0
50,5,14/09/2024 15:00,Pride Park Stadium,Derby County,Cardiff City,1 - 0
53,5,14/09/2024 15:00,Riverside Stadium,Middlesbrough,Preston North End,1 - 1
56,5,14/09/2024 15:00,Home Park,Plymouth Argyle,Sunderland,3 - 2
58,5,14/09/2024 15:00,Hillsborough,Sheffield Wednesday,Queens Park Rangers,1 - 1
59,5,14/09/2024 15:00,Swansea.com Stadium,Swansea City,Norwich City,1 - 0
60,5,14/09/2024 15:00,Vicarage Road,Watford,Coventry City,1 - 1
57,5,15/09/2024 15:00,Fratton Park,Portsmouth,West Bromwich Albion,0 - 3
70,6,20/09/2024 20:00,bet365 Stadium,Stoke City,Hull City,1 - 3
66,6,21/09/2024 12:30,Carrow Road,Norwich City,Watford,4 - 1
68,6,21/09/2024 12:30,MATRADE Loftus Road,Queens Park Rangers,Millwall,1 - 1
71,6,21/09/2024 12:30,Stadium of Light,Sunderland,Middlesbrough,1 - 0
61,6,21/09/2024 15:00,Ashton Gate Stadium,Bristol City,Oxford United,2 - 1
62,6,21/09/2024 15:00,Turf Moor,Burnley,Portsmouth,2 - 1
63,6,21/09/2024 15:00,Cardiff City Stadium,Cardiff City,Leeds United,0 - 2
64,6,21/09/2024 15:00,The Coventry Building Society Arena,Coventry City,Swansea City,1 - 2
65,6,21/09/2024 15:00,Kenilworth Road,Luton Town,Sheffield Wednesday,2 - 1
69,6,21/09/2024 15:00,Bramall Lane,Sheffield United,Derby County,1 - 0
72,6,21/09/2024 15:00,The Hawthorns,West Bromwich Albion,Plymouth Argyle,1 - 0
67,6,22/09/2024 12:00,Deepdale,Preston North End,Blackburn Rovers,0 - 0
80,7,27/09/2024 20:00,Home Park,Plymouth Argyle,Luton Town,3 - 1
73,7,28/09/2024 12:30,Ewood Park,Blackburn Rovers,Queens Park Rangers,2 - 0
74,7,28/09/2024 12:30,Pride Park Stadium,Derby County,Norwich City,2 - 3
81,7,28/09/2024 12:30,Fratton Park,Portsmouth,Sheffield United,0 - 0
75,7,28/09/2024 15:00,The MKM Stadium,Hull City,Cardiff City,4 - 1
76,7,28/09/2024 15:00,Elland Road,Leeds United,Coventry City,3 - 0
77,7,28/09/2024 15:00,Riverside Stadium,Middlesbrough,Stoke City,2 - 0
78,7,28/09/2024 15:00,The Den,Millwall,Preston North End,3 - 1
79,7,28/09/2024 15:00,The Kassam Stadium,Oxford United,Burnley,0 - 0
82,7,28/09/2024 15:00,Hillsborough,Sheffield Wednesday,West Bromwich Albion,3 - 2
84,7,28/09/2024 15:00,Vicarage Road,Watford,Sunderland,2 - 1
83,7,29/09/2024 15:00,Swansea.com Stadium,Swansea City,Bristol City,1 - 1
85,8,01/10/2024 19:45,Turf Moor,Burnley,Plymouth Argyle,1 - 0
86,8,01/10/2024 19:45,Cardiff City Stadium,Cardiff City,Millwall,1 - 0
87,8,01/10/2024 19:45,The Coventry Building Society Arena,Coventry City,Blackburn Rovers,3 - 0
88,8,01/10/2024 19:45,Kenilworth Road,Luton Town,Oxford United,2 - 2
89,8,01/10/2024 19:45,MATRADE Loftus Road,Queens Park Rangers,Hull City,1 - 3
91,8,01/10/2024 19:45,Stadium of Light,Sunderland,Derby County,2 - 0
94,8,01/10/2024 19:45,Carrow Road,Norwich City,Leeds United,1 - 1
92,8,01/10/2024 20:00,The Hawthorns,West Bromwich Albion,Middlesbrough,0 - 1
90,8,02/10/2024 19:45,Bramall Lane,Sheffield United,Swansea City,1 - 0
95,8,02/10/2024 19:45,Deepdale,Preston North End,Watford,3 - 0
96,8,02/10/2024 19:45,bet365 Stadium,Stoke City,Portsmouth,6 - 1
93,8,02/10/2024 20:00,Ashton Gate Stadium,Bristol City,Sheffield Wednesday,0 - 0
105,9,04/10/2024 20:00,Stadium of Light,Sunderland,Leeds United,2 - 2
98,9,05/10/2024 12:30,Turf Moor,Burnley,Preston North End,0 - 0
101,9,05/10/2024 12:30,Carrow Road,Norwich City,Hull City,4 - 0
103,9,05/10/2024 12:30,Fratton Park,Portsmouth,Oxford United,1 - 1
99,9,05/10/2024 15:00,The Coventry Building Society Arena,Coventry City,Sheffield Wednesday,1 - 2
100,9,05/10/2024 15:00,Pride Park Stadium,Derby County,Queens Park Rangers,2 - 0
102,9,05/10/2024 15:00,Home Park,Plymouth Argyle,Blackburn Rovers,2 - 1
104,9,05/10/2024 15:00,Bramall Lane,Sheffield United,Luton Town,2 - 0
106,9,05/10/2024 15:00,Swansea.com Stadium,Swansea City,Stoke City,0 - 0
107,9,05/10/2024 15:00,Vicarage Road,Watford,Middlesbrough,2 - 1
108,9,05/10/2024 15:00,The Hawthorns,West Bromwich Albion,Millwall,0 - 0
97,9,06/10/2024 15:00,Ashton Gate Stadium,Bristol City,Cardiff City,1 - 1
112,10,18/10/2024 20:00,Elland Road,Leeds United,Sheffield United,2 - 0
110,10,19/10/2024 12:30,Cardiff City Stadium,Cardiff City,Plymouth Argyle,5 - 0
113,10,19/10/2024 12:30,Kenilworth Road,Luton Town,Watford,3 - 0
116,10,19/10/2024 12:30,The Kassam Stadium,Oxford United,West Bromwich Albion,1 - 1
117,10,19/10/2024 12:30,Deepdale,Preston North End,Coventry City,1 - 0
109,10,19/10/2024 15:00,Ewood Park,Blackburn Rovers,Swansea City,1 - 0
114,10,19/10/2024 15:00,Riverside Stadium,Middlesbrough,Bristol City,0 - 2
115,10,19/10/2024 15:00,The Den,Millwall,Derby County,1 - 1
118,10,19/10/2024 15:00,MATRADE Loftus Road,Queens Park Rangers,Portsmouth,1 - 2
119,10,19/10/2024 15:00,Hillsborough,Sheffield Wednesday,Burnley,0 - 2
120,10,19/10/2024 15:00,bet365 Stadium,Stoke City,Norwich City,1 - 1
111,10,20/10/2024 15:00,The MKM Stadium,Hull City,Sunderland,0 - 1
121,11,22/10/2024 19:45,Cardiff City Stadium,Cardiff City,Portsmouth,2 - 0
123,11,22/10/2024 19:45,Elland Road,Leeds United,Watford,2 - 1
124,11,22/10/2024 19:45,The Kassam Stadium,Oxford United,Derby County,1 - 1
125,11,22/10/2024 19:45,Deepdale,Preston North End,Norwich City,2 - 2
127,11,22/10/2024 19:45,Hillsborough,Sheffield Wednesday,Swansea City,0 - 0
128,11,22/10/2024 19:45,bet365 Stadium,Stoke City,Bristol City,2 - 2
126,11,22/10/2024 20:00,MATRADE Loftus Road,Queens Park Rangers,Coventry City,1 - 1
122,11,23/10/2024 19:45,The MKM Stadium,Hull City,Burnley,1 - 1
129,11,23/10/2024 19:45,Ewood Park,Blackburn Rovers,West Bromwich Albion,0 - 0
130,11,23/10/2024 19:45,Kenilworth Road,Luton Town,Sunderland,1 - 2
132,11,23/10/2024 19:45,The Den,Millwall,Plymouth Argyle,1 - 0
131,11,23/10/2024 20:00,Riverside Stadium,Middlesbrough,Sheffield United,1 - 0
139,12,25/10/2024 20:00,Fratton Park,Portsmouth,Sheffield Wednesday,1 - 2
133,12,26/10/2024 12:30,Ashton Gate Stadium,Bristol City,Leeds United,0 - 0
135,12,26/10/2024 12:30,The Coventry Building Society Arena,Coventry City,Luton Town,3 - 2
143,12,26/10/2024 12:30,Vicarage Road,Watford,Blackburn Rovers,1 - 0
134,12,26/10/2024 15:00,Turf Moor,Burnley,Queens Park Rangers,0 - 0
136,12,26/10/2024 15:00,Pride Park Stadium,Derby County,Hull City,1 - 1
138,12,26/10/2024 15:00,Home Park,Plymouth Argyle,Preston North End,3 - 3
140,12,26/10/2024 15:00,Bramall Lane,Sheffield United,Stoke City,2 - 0
141,12,26/10/2024 15:00,Stadium of Light,Sunderland,Oxford United,2 - 0
142,12,26/10/2024 15:00,Swansea.com Stadium,Swansea City,Millwall,0 - 1
144,12,26/10/2024 15:00,The Hawthorns,West Bromwich Albion,Cardiff City,0 - 0
137,12,27/10/2024 15:00,Carrow Road,Norwich City,Middlesbrough,3 - 3
149,13,01/11/2024 20:00,Kenilworth Road,Luton Town,West Bromwich Albion,1 - 1
145,13,02/11/2024 12:30,Ewood Park,Blackburn Rovers,Sheffield United,0 - 2
152,13,02/11/2024 12:30,The Kassam Stadium,Oxford United,Swansea City,1 - 2
156,13,02/11/2024 12:30,bet365 Stadium,Stoke City,Derby County,2 - 1
146,13,02/11/2024 15:00,Cardiff City Stadium,Cardiff City,Norwich City,2 - 1
147,13,02/11/2024 15:00,The MKM Stadium,Hull City,Portsmouth,1 - 1
148,13,02/11/2024 15:00,Elland Road,Leeds United,Plymouth Argyle,3 - 0
150,13,02/11/2024 15:00,Riverside Stadium,Middlesbrough,Coventry City,0 - 3
153,13,02/11/2024 15:00,Deepdale,Preston North End,Bristol City,1 - 3
154,13,02/11/2024 15:00,MATRADE Loftus Road,Queens Park Rangers,Sunderland,0 - 0
155,13,02/11/2024 15:00,Hillsborough,Sheffield Wednesday,Watford,2 - 6
151,13,03/11/2024 15:00,The Den,Millwall,Burnley,1 - 0
157,14,05/11/2024 19:45,Ashton Gate Stadium,Bristol City,Sheffield United,1 - 2
159,14,05/11/2024 19:45,The Kassam Stadium,Oxford United,Hull City,1 - 0
161,14,05/11/2024 19:45,MATRADE Loftus Road,Queens Park Rangers,Middlesbrough,1 - 4
162,14,05/11/2024 19:45,Hillsborough,Sheffield Wednesday,Norwich City,2 - 0
160,14,05/11/2024 20:00,Home Park,Plymouth Argyle,Portsmouth,1 - 0
163,14,05/11/2024 20:00,Swansea.com Stadium,Swansea City,Watford,1 - 0
158,14,06/11/2024 19:45,The Den,Millwall,Leeds United,1 - 0
165,14,06/11/2024 19:45,Ewood Park,Blackburn Rovers,Stoke City,0 - 2
166,14,06/11/2024 19:45,The Coventry Building Society Arena,Coventry City,Derby County,1 - 2
167,14,06/11/2024 20:00,Kenilworth Road,Luton Town,Cardiff City,1 - 0
168,14,06/11/2024 20:00,Deepdale,Preston North End,Sunderland,0 - 0
164,14,07/11/2024 20:00,The Hawthorns,West Bromwich Albion,Burnley,0 - 0
180,15,08/11/2024 20:00,Vicarage Road,Watford,Oxford United,1 - 0
170,15,09/11/2024 12:30,Cardiff City Stadium,Cardiff City,Blackburn Rovers,1 - 3
174,15,09/11/2024 12:30,Riverside Stadium,Middlesbrough,Luton Town,5 - 1
178,15,09/11/2024 12:30,bet365 Stadium,Stoke City,Millwall,1 - 1
171,15,09/11/2024 15:00,Pride Park Stadium,Derby County,Plymouth Argyle,1 - 1
173,15,09/11/2024 15:00,Elland Road,Leeds United,Queens Park Rangers,2 - 0
175,15,09/11/2024 15:00,Carrow Road,Norwich City,Bristol City,0 - 2
176,15,09/11/2024 15:00,Fratton Park,Portsmouth,Preston North End,3 - 1
179,15,09/11/2024 15:00,Stadium of Light,Sunderland,Coventry City,2 - 2
177,15,10/11/2024 12:30,Bramall Lane,Sheffield United,Sheffield Wednesday,1 - 0
172,15,10/11/2024 13:00,The MKM Stadium,Hull City,West Bromwich Albion,1 - 2
169,15,10/11/2024 15:00,Turf Moor,Burnley,Swansea City,1 - 0
187,16,22/11/2024 20:00,Home Park,Plymouth Argyle,Watford,2 - 2
182,16,23/11/2024 12:30,Ashton Gate Stadium,Bristol City,Burnley,0 - 1
183,16,23/11/2024 12:30,The Coventry Building Society Arena,Coventry City,Sheffield United,2 - 2
190,16,23/11/2024 12:30,Hillsborough,Sheffield Wednesday,Cardiff City,1 - 1
184,16,23/11/2024 15:00,Kenilworth Road,Luton Town,Hull City,1 - 0
185,16,23/11/2024 15:00,The Den,Millwall,Sunderland,1 - 1
186,16,23/11/2024 15:00,The Kassam Stadium,Oxford United,Middlesbrough,2 - 6
188,16,23/11/2024 15:00,Deepdale,Preston North End,Derby County,1 - 1
189,16,23/11/2024 15:00,MATRADE Loftus Road,Queens Park Rangers,Stoke City,1 - 1
192,16,23/11/2024 15:00,The Hawthorns,West Bromwich Albion,Norwich City,2 - 2
191,16,24/11/2024 15:00,Swansea.com Stadium,Swansea City,Leeds United,3 - 4
181,16,15/01/2025 19:45,Ewood Park,Blackburn Rovers,Portsmouth,3 - 0
193,17,26/11/2024 19:45,Turf Moor,Burnley,Coventry City,2 - 0
194,17,26/11/2024 19:45,The MKM Stadium,Hull City,Sheffield Wednesday,0 - 2
196,17,26/11/2024 19:45,Carrow Road,Norwich City,Plymouth Argyle,6 - 1
197,17,26/11/2024 19:45,Bramall Lane,Sheffield United,Oxford United,3 - 0
198,17,26/11/2024 19:45,bet365 Stadium,Stoke City,Preston North End,0 - 0
200,17,26/11/2024 19:45,Vicarage Road,Watford,Bristol City,1 - 0
199,17,26/11/2024 20:00,Stadium of Light,Sunderland,West Bromwich Albion,0 - 0
195,17,27/11/2024 19:45,Elland Road,Leeds United,Luton Town,3 - 0
201,17,27/11/2024 19:45,Cardiff City Stadium,Cardiff City,Queens Park Rangers,0 - 2
203,17,27/11/2024 19:45,Riverside Stadium,Middlesbrough,Blackburn Rovers,0 - 1
202,17,27/11/2024 20:00,Pride Park Stadium,Derby County,Swansea City,1 - 2
204,17,28/01/2025 19:45,Fratton Park,Portsmouth,Millwall,0 - 1
213,18,29/11/2024 20:00,Bramall Lane,Sheffield United,Sunderland,1 - 0
209,18,30/11/2024 12:30,Riverside Stadium,Middlesbrough,Hull City,3 - 1
211,18,30/11/2024 12:30,The Kassam Stadium,Oxford United,Millwall,1 - 1
216,18,30/11/2024 12:30,Vicarage Road,Watford,Queens Park Rangers,0 - 0
205,18,30/11/2024 13:30,Ewood Park,Blackburn Rovers,Leeds United,1 - 0
206,18,30/11/2024 15:00,Ashton Gate Stadium,Bristol City,Plymouth Argyle,4 - 0
207,18,30/11/2024 15:00,The Coventry Building Society Arena,Coventry City,Cardiff City,2 - 2
210,18,30/11/2024 15:00,Carrow Road,Norwich City,Luton Town,4 - 2
212,18,30/11/2024 15:00,Deepdale,Preston North End,West Bromwich Albion,1 - 1
214,18,30/11/2024 15:00,bet365 Stadium,Stoke City,Burnley,0 - 2
215,18,30/11/2024 15:00,Swansea.com Stadium,Swansea City,Portsmouth,2 - 2
208,18,01/12/2024 15:00,Pride Park Stadium,Derby County,Sheffield Wednesday,1 - 2
217,19,06/12/2024 20:00,Turf Moor,Burnley,Middlesbrough,1 - 1
220,19,07/12/2024 12:30,Elland Road,Leeds United,Derby County,2 - 0
226,19,07/12/2024 12:30,Hillsborough,Sheffield Wednesday,Preston North End,1 - 1
227,19,07/12/2024 12:30,Stadium of Light,Sunderland,Stoke City,2 - 1
219,19,07/12/2024 15:00,The MKM Stadium,Hull City,Blackburn Rovers,0 - 1
222,19,07/12/2024 15:00,The Den,Millwall,Coventry City,0 - 1
224,19,07/12/2024 15:00,Fratton Park,Portsmouth,Bristol City,3 - 0
225,19,07/12/2024 15:00,MATRADE Loftus Road,Queens Park Rangers,Norwich City,3 - 0
221,19,07/12/2024 15:15,Kenilworth Road,Luton Town,Swansea City,1 - 1
228,19,08/12/2024 15:00,The Hawthorns,West Bromwich Albion,Sheffield United,2 - 2
218,19,14/01/2025 19:45,Cardiff City Stadium,Cardiff City,Watford,1 - 1
223,19,14/01/2025 19:45,Home Park,Plymouth Argyle,Oxford United,1 - 1
229,20,10/12/2024 19:45,Turf Moor,Burnley,Derby County,0 - 0
231,20,10/12/2024 19:45,Kenilworth Road,Luton Town,Stoke City,2 - 1
233,20,10/12/2024 19:45,Home Park,Plymouth Argyle,Swansea City,1 - 2
234,20,10/12/2024 19:45,Fratton Park,Portsmouth,Norwich City,0 - 0
235,20,10/12/2024 19:45,Hillsborough,Sheffield Wednesday,Blackburn Rovers,0 - 1
236,20,10/12/2024 19:45,Stadium of Light,Sunderland,Bristol City,1 - 1
230,20,10/12/2024 20:00,Elland Road,Leeds United,Middlesbrough,3 - 1
232,20,11/12/2024 19:45,The Den,Millwall,Sheffield United,0 - 1
237,20,11/12/2024 19:45,Cardiff City Stadium,Cardiff City,Preston North End,0 - 2
238,20,11/12/2024 19:45,The MKM Stadium,Hull City,Watford,1 - 1
239,20,11/12/2024 19:45,MATRADE Loftus Road,Queens Park Rangers,Oxford United,2 - 0
240,20,11/12/2024 20:00,The Hawthorns,West Bromwich Albion,Coventry City,2 - 0
244,21,13/12/2024 20:00,Pride Park Stadium,Derby County,Portsmouth,4 - 0
242,21,14/12/2024 12:30,Ashton Gate Stadium,Bristol City,Queens Park Rangers,1 - 1
243,21,14/12/2024 12:30,The Coventry Building Society Arena,Coventry City,Hull City,2 - 1
248,21,14/12/2024 12:30,Deepdale,Preston North End,Leeds United,1 - 1
241,21,14/12/2024 15:00,Ewood Park,Blackburn Rovers,Luton Town,2 - 0
245,21,14/12/2024 15:00,Riverside Stadium,Middlesbrough,Millwall,1 - 0
247,21,14/12/2024 15:00,The Kassam Stadium,Oxford United,Sheffield Wednesday,1 - 3
249,21,14/12/2024 15:00,Bramall Lane,Sheffield United,Plymouth Argyle,2 - 0
250,21,14/12/2024 15:00,bet365 Stadium,Stoke City,Cardiff City,2 - 2
251,21,14/12/2024 15:00,Swansea.com Stadium,Swansea City,Sunderland,2 - 3
252,21,15/12/2024 14:00,Vicarage Road,Watford,West Bromwich Albion,2 - 1
246,21,15/12/2024 15:00,Carrow Road,Norwich City,Burnley,1 - 2
257,22,20/12/2024 20:00,Kenilworth Road,Luton Town,Derby County,2 - 1
255,22,21/12/2024 12:30,The MKM Stadium,Hull City,Swansea City,2 - 1
260,22,21/12/2024 12:30,Fratton Park,Portsmouth,Coventry City,4 - 1
262,22,21/12/2024 12:30,Hillsborough,Sheffield Wednesday,Stoke City,2 - 0
253,22,21/12/2024 15:00,Turf Moor,Burnley,Watford,2 - 1
254,22,21/12/2024 15:00,Cardiff City Stadium,Cardiff City,Sheffield United,0 - 2
256,22,21/12/2024 15:00,Elland Road,Leeds United,Oxford United,4 - 0
258,22,21/12/2024 15:00,The Den,Millwall,Blackburn Rovers,1 - 0
259,22,21/12/2024 15:00,Home Park,Plymouth Argyle,Middlesbrough,3 - 3
261,22,21/12/2024 15:00,MATRADE Loftus Road,Queens Park Rangers,Preston North End,2 - 1
263,22,21/12/2024 15:00,Stadium of Light,Sunderland,Norwich City,2 - 1
264,22,22/12/2024 15:00,The Hawthorns,West Bromwich Albion,Bristol City,2 - 0
265,23,26/12/2024 15:00,Ewood Park,Blackburn Rovers,Sunderland,2 - 2
266,23,26/12/2024 15:00,Ashton Gate Stadium,Bristol City,Luton Town,1 - 0
267,23,26/12/2024 15:00,The Coventry Building Society Arena,Coventry City,Plymouth Argyle,4 - 0
269,23,26/12/2024 15:00,Riverside Stadium,Middlesbrough,Sheffield Wednesday,3 - 3
270,23,26/12/2024 15:00,Carrow Road,Norwich City,Millwall,2 - 1
271,23,26/12/2024 15:00,The Kassam Stadium,Oxford United,Cardiff City,3 - 2
272,23,26/12/2024 15:00,Deepdale,Preston North End,Hull City,1 - 0
273,23,26/12/2024 15:00,Bramall Lane,Sheffield United,Burnley,0 - 2
275,23,26/12/2024 15:00,Swansea.com Stadium,Swansea City,Queens Park Rangers,3 - 0
276,23,26/12/2024 15:00,Vicarage Road,Watford,Portsmouth,2 - 1
268,23,26/12/2024 17:30,Pride Park Stadium,Derby County,West Bromwich Albion,2 - 1
274,23,26/12/2024 20:00,bet365 Stadium,Stoke City,Leeds United,0 - 2
285,24,29/12/2024 12:30,Bramall Lane,Sheffield United,West Bromwich Albion,1 - 1
277,24,29/12/2024 15:00,Ewood Park,Blackburn Rovers,Hull City,0 - 1
278,24,29/12/2024 15:00,Ashton Gate Stadium,Bristol City,Portsmouth,3 - 0
279,24,29/12/2024 15:00,The Coventry Building Society Arena,Coventry City,Millwall,0 - 0
282,24,29/12/2024 15:00,Carrow Road,Norwich City,Queens Park Rangers,1 - 1
283,24,29/12/2024 15:00,The Kassam Stadium,Oxford United,Plymouth Argyle,2 - 0
284,24,29/12/2024 15:00,Deepdale,Preston North End,Sheffield Wednesday,3 - 1
286,24,29/12/2024 15:00,bet365 Stadium,Stoke City,Sunderland,1 - 0
287,24,29/12/2024 15:00,Swansea.com Stadium,Swansea City,Luton Town,2 - 1
288,24,29/12/2024 15:00,Vicarage Road,Watford,Cardiff City,1 - 2
280,24,29/12/2024 19:45,Pride Park Stadium,Derby County,Leeds United,0 - 1
281,24,29/12/2024 20:00,Riverside Stadium,Middlesbrough,Burnley,0 - 0
295,25,01/01/2025 12:30,Home Park,Plymouth Argyle,Bristol City,2 - 2
297,25,01/01/2025 12:30,MATRADE Loftus Road,Queens Park Rangers,Watford,3 - 1
294,25,01/01/2025 13:00,The Den,Millwall,Oxford United,0 - 1
289,25,01/01/2025 15:00,Turf Moor,Burnley,Stoke City,0 - 0
290,25,01/01/2025 15:00,Cardiff City Stadium,Cardiff City,Coventry City,1 - 1
292,25,01/01/2025 15:00,Elland Road,Leeds United,Blackburn Rovers,1 - 1
293,25,01/01/2025 15:00,Kenilworth Road,Luton Town,Norwich City,0 - 1
296,25,01/01/2025 15:00,Fratton Park,Portsmouth,Swansea City,4 - 0
298,25,01/01/2025 15:00,Hillsborough,Sheffield Wednesday,Derby County,4 - 2
300,25,01/01/2025 15:00,The Hawthorns,West Bromwich Albion,Preston North End,3 - 1
291,25,01/01/2025 17:30,The MKM Stadium,Hull City,Middlesbrough,0 - 1
299,25,01/01/2025 20:00,Stadium of Light,Sunderland,Sheffield United,2 - 1
301,26,04/01/2025 12:30,Ewood Park,Blackburn Rovers,Burnley,0 - 1
309,26,04/01/2025 12:30,bet365 Stadium,Stoke City,Plymouth Argyle,0 - 0
311,26,04/01/2025 12:30,Swansea.com Stadium,Swansea City,West Bromwich Albion,1 - 1
302,26,04/01/2025 15:00,Ashton Gate Stadium,Bristol City,Derby County,1 - 0
303,26,04/01/2025 15:00,The MKM Stadium,Hull City,Leeds United,3 - 3
304,26,04/01/2025 15:00,Riverside Stadium,Middlesbrough,Cardiff City,1 - 1
305,26,04/01/2025 15:00,Carrow Road,Norwich City,Coventry City,2 - 1
306,26,04/01/2025 15:00,Deepdale,Preston North End,Oxford United,1 - 1
308,26,04/01/2025 15:00,Hillsborough,Sheffield Wednesday,Millwall,2 - 2
312,26,04/01/2025 15:00,Vicarage Road,Watford,Sheffield United,1 - 2
310,26,05/01/2025 15:00,Stadium of Light,Sunderland,Portsmouth,1 - 0
307,26,06/01/2025 20:00,MATRADE Loftus Road,Queens Park Rangers,Luton Town,2 - 1
313,27,17/01/2025 20:00,Turf Moor,Burnley,Sunderland,0 - 0
314,27,18/01/2025 12:30,Cardiff City Stadium,Cardiff City,Swansea City,3 - 0
319,27,18/01/2025 12:30,The Den,Millwall,Hull City,0 - 1
321,27,18/01/2025 12:30,Home Park,Plymouth Argyle,Queens Park Rangers,0 - 1
315,27,18/01/2025 15:00,The Coventry Building Society Arena,Coventry City,Bristol City,1 - 0
316,27,18/01/2025 15:00,Pride Park Stadium,Derby County,Watford,0 - 2
318,27,18/01/2025 15:00,Kenilworth Road,Luton Town,Preston North End,0 - 0
320,27,18/01/2025 15:00,The Kassam Stadium,Oxford United,Blackburn Rovers,1 - 0
323,27,18/01/2025 15:00,Bramall Lane,Sheffield United,Norwich City,2 - 0
324,27,18/01/2025 15:00,The Hawthorns,West Bromwich Albion,Stoke City,1 - 1
322,27,18/01/2025 15:35,Fratton Park,Portsmouth,Middlesbrough,2 - 1
317,27,19/01/2025 12:00,Elland Road,Leeds United,Sheffield Wednesday,3 - 0
325,28,21/01/2025 19:45,Ewood Park,Blackburn Rovers,Coventry City,0 - 2
326,28,21/01/2025 19:45,Pride Park Stadium,Derby County,Sunderland,0 - 1
327,28,21/01/2025 19:45,The MKM Stadium,Hull City,Queens Park Rangers,1 - 2
328,28,21/01/2025 19:45,Riverside Stadium,Middlesbrough,West Bromwich Albion,2 - 0
330,28,21/01/2025 19:45,The Kassam Stadium,Oxford United,Luton Town,3 - 2
331,28,21/01/2025 19:45,Swansea.com Stadium,Swansea City,Sheffield United,1 - 2
332,28,21/01/2025 19:45,Vicarage Road,Watford,Preston North End,1 - 2
329,28,21/01/2025 20:00,The Den,Millwall,Cardiff City,2 - 2
333,28,22/01/2025 19:45,Elland Road,Leeds United,Norwich City,2 - 0
335,28,22/01/2025 19:45,Fratton Park,Portsmouth,Stoke City,3 - 1
336,28,22/01/2025 19:45,Hillsborough,Sheffield Wednesday,Bristol City,2 - 2
334,28,22/01/2025 20:00,Home Park,Plymouth Argyle,Burnley,0 - 5
345,29,24/01/2025 20:00,Bramall Lane,Sheffield United,Hull City,0 - 3
341,29,25/01/2025 12:30,Kenilworth Road,Luton Town,Millwall,0 - 1
342,29,25/01/2025 12:30,Carrow Road,Norwich City,Swansea City,5 - 1
346,29,25/01/2025 12:30,bet365 Stadium,Stoke City,Oxford United,0 - 0
337,29,25/01/2025 15:00,Ashton Gate Stadium,Bristol City,Blackburn Rovers,2 - 1
339,29,25/01/2025 15:00,Cardiff City Stadium,Cardiff City,Derby County,2 - 1
340,29,25/01/2025 15:00,The Coventry Building Society Arena,Coventry City,Watford,2 - 1
343,29,25/01/2025 15:00,Deepdale,Preston North End,Middlesbrough,2 - 1
344,29,25/01/2025 15:00,MATRADE Loftus Road,Queens Park Rangers,Sheffield Wednesday,0 - 2
347,29,25/01/2025 15:00,Stadium of Light,Sunderland,Plymouth Argyle,2 - 2
348,29,25/01/2025 15:00,The Hawthorns,West Bromwich Albion,Portsmouth,5 - 1
338,29,27/01/2025 20:00,Turf Moor,Burnley,Leeds United,0 - 0
349,30,31/01/2025 20:00,Ewood Park,Blackburn Rovers,Preston North End,2 - 1
355,30,01/02/2025 12:30,The Kassam Stadium,Oxford United,Bristol City,1 - 1
356,30,01/02/2025 12:30,Home Park,Plymouth Argyle,West Bromwich Albion,2 - 1
360,30,01/02/2025 12:30,Vicarage Road,Watford,Norwich City,0 - 1
350,30,01/02/2025 15:00,Pride Park Stadium,Derby County,Sheffield United,0 - 1
351,30,01/02/2025 15:00,The MKM Stadium,Hull City,Stoke City,1 - 2
352,30,01/02/2025 15:00,Elland Road,Leeds United,Cardiff City,7 - 0
354,30,01/02/2025 15:00,The Den,Millwall,Queens Park Rangers,2 - 1
357,30,01/02/2025 15:00,Fratton Park,Portsmouth,Burnley,0 - 0
358,30,01/02/2025 15:00,Hillsborough,Sheffield Wednesday,Luton Town,1 - 1
359,30,01/02/2025 15:00,Swansea.com Stadium,Swansea City,Coventry City,0 - 2
353,30,03/02/2025 20:00,Riverside Stadium,Middlesbrough,Sunderland,2 - 3
362,31,04/02/2025 19:45,Turf Moor,Burnley,Oxford United,1 - 0
368,31,04/02/2025 19:45,MATRADE Loftus Road,Queens Park Rangers,Blackburn Rovers,2 - 1
364,31,05/02/2025 19:45,The Coventry Building Society Arena,Coventry City,Leeds United,0 - 2
371,31,08/02/2025 12:30,Stadium of Light,Sunderland,Watford,2 - 2
372,31,08/02/2025 12:30,The Hawthorns,West Bromwich Albion,Sheffield Wednesday,2 - 1
366,31,08/02/2025 15:00,Carrow Road,Norwich City,Derby County,1 - 1
369,31,08/02/2025 15:00,Bramall Lane,Sheffield United,Portsmouth,2 - 1
361,31,09/02/2025 12:00,Ashton Gate Stadium,Bristol City,Swansea City,0 - 1
367,31,18/02/2025 19:45,Deepdale,Preston North End,Millwall,1 - 1
365,31,19/02/2025 19:45,Kenilworth Road,Luton Town,Plymouth Argyle,1 - 1
363,31,25/02/2025 19:45,Cardiff City Stadium,Cardiff City,Hull City,1 - 0
370,31,25/02/2025 19:45,bet365 Stadium,Stoke City,Middlesbrough,1 - 3
374,32,11/02/2025 19:45,The Coventry Building Society Arena,Coventry City,Queens Park Rangers,1 - 0
375,32,11/02/2025 19:45,Pride Park Stadium,Derby County,Oxford United,0 - 0
378,32,11/02/2025 19:45,Fratton Park,Portsmouth,Cardiff City,2 - 1
380,32,11/02/2025 19:45,Vicarage Road,Watford,Leeds United,0 - 4
376,32,11/02/2025 20:00,Carrow Road,Norwich City,Preston North End,0 - 1
373,32,12/02/2025 19:45,Ashton Gate Stadium,Bristol City,Stoke City,2 - 0
377,32,12/02/2025 19:45,Home Park,Plymouth Argyle,Millwall,5 - 1
379,32,12/02/2025 19:45,Swansea.com Stadium,Swansea City,Sheffield Wednesday,0 - 1
381,32,12/02/2025 19:45,Turf Moor,Burnley,Hull City,2 - 0
383,32,12/02/2025 19:45,Stadium of Light,Sunderland,Luton Town,2 - 0
382,32,12/02/2025 20:00,Bramall Lane,Sheffield United,Middlesbrough,3 - 1
384,32,12/02/2025 20:00,The Hawthorns,West Bromwich Albion,Blackburn Rovers,0 - 2
394,33,14/02/2025 20:00,MATRADE Loftus Road,Queens Park Rangers,Derby County,4 - 0
386,33,15/02/2025 12:30,Cardiff City Stadium,Cardiff City,Bristol City,1 - 1
392,33,15/02/2025 12:30,The Kassam Stadium,Oxford United,Portsmouth,0 - 2
393,33,15/02/2025 12:30,Deepdale,Preston North End,Burnley,0 - 0
385,33,15/02/2025 15:00,Ewood Park,Blackburn Rovers,Plymouth Argyle,2 - 0
387,33,15/02/2025 15:00,The MKM Stadium,Hull City,Norwich City,1 - 1
389,33,15/02/2025 15:00,Kenilworth Road,Luton Town,Sheffield United,0 - 1
390,33,15/02/2025 15:00,Riverside Stadium,Middlesbrough,Watford,0 - 1
391,33,15/02/2025 15:00,The Den,Millwall,West Bromwich Albion,1 - 1
395,33,15/02/2025 15:00,Hillsborough,Sheffield Wednesday,Coventry City,1 - 2
396,33,15/02/2025 15:00,bet365 Stadium,Stoke City,Swansea City,3 - 1
388,33,17/02/2025 20:00,Elland Road,Leeds United,Sunderland,2 - 1
397,34,21/02/2025 19:45,Ashton Gate Stadium,Bristol City,Middlesbrough,2 - 1
398,34,21/02/2025 20:00,Turf Moor,Burnley,Sheffield Wednesday,4 - 0
400,34,22/02/2025 12:30,Pride Park Stadium,Derby County,Millwall,0 - 1
402,34,22/02/2025 12:30,Home Park,Plymouth Argyle,Cardiff City,1 - 1
405,34,22/02/2025 12:30,Stadium of Light,Sunderland,Hull City,0 - 1
399,34,22/02/2025 15:00,The Coventry Building Society Arena,Coventry City,Preston North End,2 - 1
401,34,22/02/2025 15:00,Carrow Road,Norwich City,Stoke City,4 - 2
403,34,22/02/2025 15:00,Fratton Park,Portsmouth,Queens Park Rangers,2 - 1
406,34,22/02/2025 15:00,Swansea.com Stadium,Swansea City,Blackburn Rovers,3 - 0
408,34,22/02/2025 15:00,The Hawthorns,West Bromwich Albion,Oxford United,2 - 0
407,34,23/02/2025 12:00,Vicarage Road,Watford,Luton Town,2 - 0
404,34,24/02/2025 20:00,Bramall Lane,Sheffield United,Leeds United,1 - 3
419,35,28/02/2025 20:00,Hillsborough,Sheffield Wednesday,Sunderland,1 - 2
409,35,01/03/2025 12:30,Ewood Park,Blackburn Rovers,Norwich City,1 - 1
412,35,01/03/2025 12:30,Elland Road,Leeds United,West Bromwich Albion,1 - 1
416,35,01/03/2025 12:30,The Kassam Stadium,Oxford United,Coventry City,2 - 3
413,35,01/03/2025 15:00,Kenilworth Road,Luton Town,Portsmouth,1 - 0
414,35,01/03/2025 15:00,Riverside Stadium,Middlesbrough,Derby County,1 - 0
418,35,01/03/2025 15:00,MATRADE Loftus Road,Queens Park Rangers,Sheffield United,1 - 2
420,35,01/03/2025 15:00,bet365 Stadium,Stoke City,Watford,0 - 0
410,35,04/03/2025 19:45,Cardiff City Stadium,Cardiff City,Burnley,1 - 2
411,35,04/03/2025 19:45,The MKM Stadium,Hull City,Plymouth Argyle,2 - 0
415,35,04/03/2025 19:45,The Den,Millwall,Bristol City,0 - 2
417,35,04/03/2025 19:45,Deepdale,Preston North End,Swansea City,0 - 0
425,36,07/03/2025 20:00,Carrow Road,Norwich City,Oxford United,1 - 1
423,36,08/03/2025 12:30,The Coventry Building Society Arena,Coventry City,Stoke City,3 - 2
431,36,08/03/2025 12:30,Vicarage Road,Watford,Millwall,1 - 2
421,36,08/03/2025 15:00,Ashton Gate Stadium,Bristol City,Hull City,1 - 1
422,36,08/03/2025 15:00,Turf Moor,Burnley,Luton Town,4 - 0
424,36,08/03/2025 15:00,Pride Park Stadium,Derby County,Blackburn Rovers,2 - 1
426,36,08/03/2025 15:00,Home Park,Plymouth Argyle,Sheffield Wednesday,0 - 3
428,36,08/03/2025 15:00,Bramall Lane,Sheffield United,Preston North End,1 - 0
429,36,08/03/2025 15:00,Stadium of Light,Sunderland,Cardiff City,2 - 1
430,36,08/03/2025 15:00,Swansea.com Stadium,Swansea City,Middlesbrough,1 - 0
432,36,08/03/2025 15:00,The Hawthorns,West Bromwich Albion,Queens Park Rangers,1 - 0
427,36,09/03/2025 12:00,Fratton Park,Portsmouth,Leeds United,1 - 0
433,37,11/03/2025 19:45,Turf Moor,Burnley,West Bromwich Albion,1 - 1
434,37,11/03/2025 19:45,Cardiff City Stadium,Cardiff City,Luton Town,1 - 2
435,37,11/03/2025 19:45,Pride Park Stadium,Derby County,Coventry City,2 - 0
436,37,11/03/2025 19:45,Riverside Stadium,Middlesbrough,Queens Park Rangers,2 - 1
439,37,11/03/2025 19:45,Stadium of Light,Sunderland,Preston North End,1 - 1
442,37,11/03/2025 19:45,Carrow Road,Norwich City,Sheffield Wednesday,2 - 3
443,37,11/03/2025 20:00,Bramall Lane,Sheffield United,Bristol City,1 - 1
437,37,12/03/2025 19:45,Fratton Park,Portsmouth,Plymouth Argyle,1 - 2
440,37,12/03/2025 19:45,The MKM Stadium,Hull City,Oxford United,2 - 1
441,37,12/03/2025 19:45,Elland Road,Leeds United,Millwall,2 - 0
444,37,12/03/2025 19:45,Vicarage Road,Watford,Swansea City,1 - 0
438,37,12/03/2025 20:00,bet365 Stadium,Stoke City,Blackburn Rovers,1 - 0
446,38,14/03/2025 20:00,Ashton Gate Stadium,Bristol City,Norwich City,2 - 1
449,38,15/03/2025 12:30,The Den,Millwall,Stoke City,1 - 0
453,38,15/03/2025 12:30,MATRADE Loftus Road,Queens Park Rangers,Leeds United,2 - 2
445,38,15/03/2025 15:00,Ewood Park,Blackburn Rovers,Cardiff City,1 - 2
447,38,15/03/2025 15:00,The Coventry Building Society Arena,Coventry City,Sunderland,3 - 0
448,38,15/03/2025 15:00,Kenilworth Road,Luton Town,Middlesbrough,0 - 0
450,38,15/03/2025 15:00,The Kassam Stadium,Oxford United,Watford,1 - 0
451,38,15/03/2025 15:00,Home Park,Plymouth Argyle,Derby County,2 - 3
452,38,15/03/2025 15:00,Deepdale,Preston North End,Portsmouth,2 - 1
455,38,15/03/2025 15:00,Swansea.com Stadium,Swansea City,Burnley,0 - 2
456,38,15/03/2025 15:00,The Hawthorns,West Bromwich Albion,Hull City,1 - 1
454,38,16/03/2025 12:30,Hillsborough,Sheffield Wednesday,Sheffield United,0 - 1
465,39,28/03/2025 20:00,Bramall Lane,Sheffield United,Coventry City,3 - 1
460,39,29/03/2025 12:30,The MKM Stadium,Hull City,Luton Town,0 - 1
468,39,29/03/2025 12:30,Vicarage Road,Watford,Plymouth Argyle,0 - 0
457,39,29/03/2025 15:00,Turf Moor,Burnley,Bristol City,1 - 0
458,39,29/03/2025 15:00,Cardiff City Stadium,Cardiff City,Sheffield Wednesday,1 - 1
461,39,29/03/2025 15:00,Elland Road,Leeds United,Swansea City,2 - 2
462,39,29/03/2025 15:00,Riverside Stadium,Middlesbrough,Oxford United,2 - 1
463,39,29/03/2025 15:00,Carrow Road,Norwich City,West Bromwich Albion,1 - 0
464,39,29/03/2025 15:00,Fratton Park,Portsmouth,Blackburn Rovers,1 - 0
466,39,29/03/2025 15:00,bet365 Stadium,Stoke City,Queens Park Rangers,3 - 1
467,39,29/03/2025 15:00,Stadium of Light,Sunderland,Millwall,1 - 0
459,39,02/04/2025 19:45,Pride Park Stadium,Derby County,Preston North End,2 - 0
469,40,04/04/2025 20:00,Ewood Park,Blackburn Rovers,Middlesbrough,0 - 2
471,40,05/04/2025 12:30,The Coventry Building Society Arena,Coventry City,Burnley,1 - 2
472,40,05/04/2025 12:30,Kenilworth Road,Luton Town,Leeds United,1 - 1
480,40,05/04/2025 12:30,The Hawthorns,West Bromwich Albion,Sunderland,0 - 1
470,40,05/04/2025 15:00,Ashton Gate Stadium,Bristol City,Watford,2 - 1
473,40,05/04/2025 15:00,The Den,Millwall,Portsmouth,2 - 1
474,40,05/04/2025 15:00,The Kassam Stadium,Oxford United,Sheffield United,1 - 0
475,40,05/04/2025 15:00,Home Park,Plymouth Argyle,Norwich City,2 - 1
476,40,05/04/2025 15:00,Deepdale,Preston North End,Stoke City,1 - 1
477,40,05/04/2025 15:00,MATRADE Loftus Road,Queens Park Rangers,Cardiff City,0 - 0
478,40,05/04/2025 15:00,Hillsborough,Sheffield Wednesday,Hull City,0 - 1
479,40,05/04/2025 15:00,Swansea.com Stadium,Swansea City,Derby County,1 - 0
481,41,08/04/2025 19:45,Ewood Park,Blackburn Rovers,Sheffield Wednesday,2 - 2
482,41,08/04/2025 19:45,Ashton Gate Stadium,Bristol City,West Bromwich Albion,2 - 1
484,41,08/04/2025 19:45,Carrow Road,Norwich City,Sunderland,0 - 0
485,41,08/04/2025 19:45,Deepdale,Preston North End,Cardiff City,2 - 2
486,41,08/04/2025 19:45,Bramall Lane,Sheffield United,Millwall,0 - 1
487,41,08/04/2025 19:45,bet365 Stadium,Stoke City,Luton Town,1 - 1
488,41,08/04/2025 19:45,Vicarage Road,Watford,Hull City,1 - 0
490,41,08/04/2025 19:45,Pride Park Stadium,Derby County,Burnley,0 - 0
483,41,08/04/2025 20:00,Riverside Stadium,Middlesbrough,Leeds United,0 - 1
491,41,09/04/2025 19:45,The Kassam Stadium,Oxford United,Queens Park Rangers,1 - 3
492,41,09/04/2025 19:45,Swansea.com Stadium,Swansea City,Plymouth Argyle,3 - 0
489,41,09/04/2025 20:00,The Coventry Building Society Arena,Coventry City,Portsmouth,1 - 0
493,42,11/04/2025 20:00,Turf Moor,Burnley,Norwich City,2 - 1
496,42,12/04/2025 12:30,Elland Road,Leeds United,Preston North End,2 - 1
499,42,12/04/2025 12:30,Home Park,Plymouth Argyle,Sheffield United,2 - 1
494,42,12/04/2025 15:00,Cardiff City Stadium,Cardiff City,Stoke City,0 - 1
497,42,12/04/2025 15:00,Kenilworth Road,Luton Town,Blackburn Rovers,0 - 1
498,42,12/04/2025 15:00,The Den,Millwall,Middlesbrough,1 - 0
500,42,12/04/2025 15:00,Fratton Park,Portsmouth,Derby County,2 - 2
501,42,12/04/2025 15:00,MATRADE Loftus Road,Queens Park Rangers,Bristol City,1 - 1
502,42,12/04/2025 15:00,Hillsborough,Sheffield Wednesday,Oxford United,0 - 1
503,42,12/04/2025 15:00,Stadium of Light,Sunderland,Swansea City,0 - 1
504,42,12/04/2025 15:00,The Hawthorns,West Bromwich Albion,Watford,2 - 1
495,42,14/04/2025 20:00,The MKM Stadium,Hull City,Coventry City,1 - 1
508,43,18/04/2025 12:30,Pride Park Stadium,Derby County,Luton Town,0 - 1
505,43,18/04/2025 15:00,Ewood Park,Blackburn Rovers,Millwall,4 - 1
506,43,18/04/2025 15:00,Ashton Gate Stadium,Bristol City,Sunderland,2 - 1
507,43,18/04/2025 15:00,The Coventry Building Society Arena,Coventry City,West Bromwich Albion,2 - 0
509,43,18/04/2025 15:00,Riverside Stadium,Middlesbrough,Plymouth Argyle,2 - 1
510,43,18/04/2025 15:00,Carrow Road,Norwich City,Portsmouth,3 - 5
512,43,18/04/2025 15:00,Deepdale,Preston North End,Queens Park Rangers,1 - 2
514,43,18/04/2025 15:00,bet365 Stadium,Stoke City,Sheffield Wednesday,2 - 0
515,43,18/04/2025 15:00,Swansea.com Stadium,Swansea City,Hull City,1 - 0
516,43,18/04/2025 15:00,Vicarage Road,Watford,Burnley,1 - 2
513,43,18/04/2025 17:30,Bramall Lane,Sheffield United,Cardiff City,2 - 0
511,43,18/04/2025 20:00,The Kassam Stadium,Oxford United,Leeds United,0 - 1
518,44,21/04/2025 15:00,Cardiff City Stadium,Cardiff City,Oxford United,1 - 1
519,44,21/04/2025 15:00,The MKM Stadium,Hull City,Preston North End,2 - 1
520,44,21/04/2025 15:00,Elland Road,Leeds United,Stoke City,6 - 0
521,44,21/04/2025 15:00,Kenilworth Road,Luton Town,Bristol City,3 - 1
522,44,21/04/2025 15:00,The Den,Millwall,Norwich City,3 - 1
523,44,21/04/2025 15:00,Home Park,Plymouth Argyle,Coventry City,3 - 1
524,44,21/04/2025 15:00,Fratton Park,Portsmouth,Watford,1 - 0
525,44,21/04/2025 15:00,MATRADE Loftus Road,Queens Park Rangers,Swansea City,1 - 2
526,44,21/04/2025 15:00,Hillsborough,Sheffield Wednesday,Middlesbrough,2 - 1
527,44,21/04/2025 15:00,Stadium of Light,Sunderland,Blackburn Rovers,0 - 1
528,44,21/04/2025 15:00,The Hawthorns,West Bromwich Albion,Derby County,1 - 3
517,44,21/04/2025 17:30,Turf Moor,Burnley,Sheffield United,2 - 1
540,45,25/04/2025 20:00,bet365 Stadium,Stoke City,Sheffield United,0 - 2
533,45,26/04/2025 12:30,Kenilworth Road,Luton Town,Coventry City,1 - 0
538,45,26/04/2025 12:30,MATRADE Loftus Road,Queens Park Rangers,Burnley,0 - 5
529,45,26/04/2025 15:00,Ewood Park,Blackburn Rovers,Watford,2 - 1
530,45,26/04/2025 15:00,Cardiff City Stadium,Cardiff City,West Bromwich Albion,0 - 0
531,45,26/04/2025 15:00,The MKM Stadium,Hull City,Derby County,0 - 1
534,45,26/04/2025 15:00,Riverside Stadium,Middlesbrough,Norwich City,0 - 0
535,45,26/04/2025 15:00,The Den,Millwall,Swansea City,1 - 0
536,45,26/04/2025 15:00,The Kassam Stadium,Oxford United,Sunderland,2 - 0
537,45,26/04/2025 15:00,Deepdale,Preston North End,Plymouth Argyle,1 - 2
539,45,26/04/2025 15:00,Hillsborough,Sheffield Wednesday,Portsmouth,1 - 1
532,45,28/04/2025 20:00,Elland Road,Leeds United,Bristol City,4 - 0
541,46,03/05/2025 12:30,Ashton Gate Stadium,Bristol City,Preston North End,2 - 2
542,46,03/05/2025 12:30,Turf Moor,Burnley,Millwall,3 - 1
543,46,03/05/2025 12:30,The Coventry Building Society Arena,Coventry City,Middlesbrough,2 - 0
544,46,03/05/2025 12:30,Pride Park Stadium,Derby County,Stoke City,0 - 0
545,46,03/05/2025 12:30,Carrow Road,Norwich City,Cardiff City,4 - 2
546,46,03/05/2025 12:30,Home Park,Plymouth Argyle,Leeds United,1 - 2
547,46,03/05/2025 12:30,Fratton Park,Portsmouth,Hull City,1 - 1
548,46,03/05/2025 12:30,Bramall Lane,Sheffield United,Blackburn Rovers,1 - 1
549,46,03/05/2025 12:30,Stadium of Light,Sunderland,Queens Park Rangers,0 - 1
550,46,03/05/2025 12:30,Swansea.com Stadium,Swansea City,Oxford United,3 - 3
551,46,03/05/2025 12:30,Vicarage Road,Watford,Sheffield Wednesday,1 - 1
552,46,03/05/2025 12:30,The Hawthorns,West Bromwich Albion,Luton Town,5 - 3
