Match Number,Date,Home Team,Home Score,Away Score,Away Team
1,2009-08-07 20:00:00,Middlesbrough,0,0,Sheffield United
2,2009-08-08 15:00:00,Cardiff City,4,0,Scunthorpe United
3,2009-08-08 15:00:00,Crystal Palace,1,1,Plymouth Argyle
4,2009-08-08 15:00:00,Derby County,2,1,Peterborough United
5,2009-08-08 15:00:00,Leicester City,2,1,Swansea City
6,2009-08-08 15:00:00,Preston North End,2,2,Bristol City
7,2009-08-08 15:00:00,Queens Park Rangers,1,1,Blackpool
8,2009-08-08 15:00:00,Reading,0,0,Nottingham Forest
9,2009-08-08 15:00:00,Sheffield Wednesday,2,2,Barnsley
10,2009-08-08 15:00:00,Watford,1,1,Doncaster Rovers
11,2009-08-08 17:30:00,West Bromwich Albion,1,1,Newcastle United
12,2009-08-09 12:45:00,Coventry City,2,1,Ipswich Town
13,2009-08-15 15:00:00,Barnsley,0,2,Coventry City
14,2009-08-15 15:00:00,Blackpool,1,1,Cardiff City
15,2009-08-15 15:00:00,Bristol City,1,0,Crystal Palace
16,2009-08-15 15:00:00,Doncaster Rovers,1,1,Preston North End
17,2009-08-15 15:00:00,Ipswich Town,0,0,Leicester City
18,2009-08-15 15:00:00,Nottingham Forest,0,1,West Bromwich Albion
19,2009-08-15 15:00:00,Peterborough United,1,1,Sheffield Wednesday
20,2009-08-15 15:00:00,Plymouth Argyle,1,1,Queens Park Rangers
21,2009-08-15 15:00:00,Scunthorpe United,3,2,Derby County
22,2009-08-15 15:00:00,Sheffield United,2,0,Watford
23,2009-08-15 15:00:00,Swansea City,0,3,Middlesbrough
24,2009-08-15 17:20:00,Newcastle United,3,0,Reading
25,2009-08-18 19:45:00,Barnsley,0,3,Preston North End
26,2009-08-18 19:45:00,Blackpool,0,0,Derby County
27,2009-08-18 19:45:00,Bristol City,1,0,Queens Park Rangers
28,2009-08-18 19:45:00,Doncaster Rovers,0,0,Coventry City
29,2009-08-18 19:45:00,Ipswich Town,1,3,Crystal Palace
30,2009-08-18 19:45:00,Nottingham Forest,2,4,Watford
31,2009-08-18 19:45:00,Peterborough United,2,3,West Bromwich Albion
32,2009-08-18 19:45:00,Plymouth Argyle,1,3,Cardiff City
33,2009-08-18 19:45:00,Scunthorpe United,0,2,Middlesbrough
34,2009-08-18 19:45:00,Sheffield United,1,1,Leicester City
35,2009-08-18 19:45:00,Swansea City,0,0,Reading
36,2009-08-19 19:45:00,Newcastle United,1,0,Sheffield Wednesday
37,2009-08-22 15:00:00,Coventry City,0,1,Swansea City
38,2009-08-22 15:00:00,Crystal Palace,0,2,Newcastle United
39,2009-08-22 15:00:00,Derby County,2,1,Plymouth Argyle
40,2009-08-22 15:00:00,Leicester City,1,0,Barnsley
41,2009-08-22 15:00:00,Middlesbrough,2,0,Doncaster Rovers
42,2009-08-22 15:00:00,Preston North End,2,0,Peterborough United
43,2009-08-22 15:00:00,Queens Park Rangers,1,1,Nottingham Forest
44,2009-08-22 15:00:00,Reading,1,3,Sheffield United
45,2009-08-22 15:00:00,Sheffield Wednesday,4,0,Scunthorpe United
46,2009-08-22 15:00:00,Watford,2,2,Blackpool
47,2009-08-22 17:20:00,West Bromwich Albion,2,0,Ipswich Town
48,2009-08-23 13:15:00,Cardiff City,3,0,Bristol City
49,2009-08-29 13:00:00,Nottingham Forest,3,2,Derby County
50,2009-08-29 15:00:00,Barnsley,1,3,Reading
51,2009-08-29 15:00:00,Blackpool,3,0,Coventry City
52,2009-08-29 15:00:00,Bristol City,2,1,Middlesbrough
53,2009-08-29 15:00:00,Doncaster Rovers,2,0,Cardiff City
54,2009-08-29 15:00:00,Ipswich Town,1,1,Preston North End
55,2009-08-29 15:00:00,Plymouth Argyle,1,3,Sheffield Wednesday
56,2009-08-29 15:00:00,Scunthorpe United,0,1,Queens Park Rangers
57,2009-08-29 15:00:00,Sheffield United,2,2,West Bromwich Albion
58,2009-08-29 15:00:00,Swansea City,1,1,Watford
59,2009-08-31 17:15:00,Peterborough United,1,1,Crystal Palace
60,2009-08-31 19:45:00,Newcastle United,1,0,Leicester City
61,2009-09-12 13:00:00,Derby County,0,1,Sheffield United
62,2009-09-12 15:00:00,Coventry City,1,1,Bristol City
63,2009-09-12 15:00:00,Crystal Palace,0,4,Scunthorpe United
64,2009-09-12 15:00:00,Leicester City,2,1,Blackpool
65,2009-09-12 15:00:00,Middlesbrough,3,1,Ipswich Town
66,2009-09-12 15:00:00,Preston North End,2,0,Swansea City
67,2009-09-12 15:00:00,Queens Park Rangers,1,1,Peterborough United
68,2009-09-12 15:00:00,Reading,0,0,Doncaster Rovers
69,2009-09-12 15:00:00,Sheffield Wednesday,1,1,Nottingham Forest
70,2009-09-12 15:00:00,Watford,1,0,Barnsley
71,2009-09-12 15:00:00,West Bromwich Albion,3,1,Plymouth Argyle
72,2009-09-13 14:05:00,Cardiff City,0,1,Newcastle United
73,2009-09-15 19:45:00,Coventry City,3,2,Sheffield United
74,2009-09-15 19:45:00,Derby County,2,3,Barnsley
75,2009-09-15 19:45:00,Ipswich Town,1,1,Nottingham Forest
76,2009-09-15 19:45:00,Leicester City,1,1,Peterborough United
77,2009-09-15 19:45:00,Plymouth Argyle,0,1,Watford
78,2009-09-15 19:45:00,Scunthorpe United,3,1,Preston North End
79,2009-09-15 19:45:00,Sheffield Wednesday,1,3,Middlesbrough
80,2009-09-15 19:45:00,Swansea City,0,0,Bristol City
81,2009-09-15 19:45:00,West Bromwich Albion,3,1,Doncaster Rovers
82,2009-09-16 19:45:00,Blackpool,2,1,Newcastle United
83,2009-09-16 20:00:00,Reading,0,1,Cardiff City
84,2009-09-18 19:45:00,Sheffield United,3,2,Sheffield Wednesday
85,2009-09-19 15:00:00,Barnsley,0,0,Swansea City
86,2009-09-19 15:00:00,Bristol City,1,1,Scunthorpe United
87,2009-09-19 15:00:00,Cardiff City,0,2,Queens Park Rangers
88,2009-09-19 15:00:00,Crystal Palace,1,0,Derby County
89,2009-09-19 15:00:00,Doncaster Rovers,3,3,Ipswich Town
90,2009-09-19 15:00:00,Middlesbrough,0,5,West Bromwich Albion
91,2009-09-19 15:00:00,Newcastle United,3,1,Plymouth Argyle
92,2009-09-19 15:00:00,Nottingham Forest,0,1,Blackpool
93,2009-09-19 15:00:00,Peterborough United,3,2,Reading
94,2009-09-19 15:00:00,Preston North End,3,2,Coventry City
95,2009-09-19 15:00:00,Watford,3,3,Leicester City
96,2009-09-26 12:00:00,Scunthorpe United,2,2,Doncaster Rovers
97,2009-09-26 15:00:00,Blackpool,2,0,Peterborough United
98,2009-09-26 15:00:00,Coventry City,2,2,Middlesbrough
99,2009-09-26 15:00:00,Derby County,1,0,Bristol City
100,2009-09-26 15:00:00,Leicester City,1,2,Preston North End
101,2009-09-26 15:00:00,Queens Park Rangers,5,2,Barnsley
102,2009-09-26 15:00:00,Reading,1,1,Watford
103,2009-09-26 15:00:00,Sheffield Wednesday,3,1,Cardiff City
104,2009-09-26 15:00:00,Swansea City,2,1,Sheffield United
105,2009-09-26 15:00:00,West Bromwich Albion,0,1,Crystal Palace
106,2009-09-26 17:30:00,Ipswich Town,0,4,Newcastle United
107,2009-09-27 13:15:00,Plymouth Argyle,0,1,Nottingham Forest
108,2009-09-29 19:45:00,Barnsley,3,1,West Bromwich Albion
109,2009-09-29 19:45:00,Bristol City,2,0,Blackpool
110,2009-09-29 19:45:00,Cardiff City,6,1,Derby County
111,2009-09-29 19:45:00,Crystal Palace,0,0,Sheffield Wednesday
112,2009-09-29 19:45:00,Doncaster Rovers,0,0,Swansea City
113,2009-09-29 19:45:00,Middlesbrough,0,1,Leicester City
114,2009-09-29 19:45:00,Peterborough United,1,2,Plymouth Argyle
115,2009-09-29 19:45:00,Preston North End,1,2,Reading
116,2009-09-29 19:45:00,Sheffield United,3,3,Ipswich Town
117,2009-09-29 19:45:00,Watford,2,3,Coventry City
118,2009-09-30 19:45:00,Newcastle United,1,1,Queens Park Rangers
119,2009-09-30 19:45:00,Nottingham Forest,2,0,Scunthorpe United
120,2009-10-03 12:30:00,Coventry City,1,1,Leicester City
121,2009-10-03 12:45:00,Preston North End,0,0,West Bromwich Albion
122,2009-10-03 15:00:00,Barnsley,2,1,Ipswich Town
123,2009-10-03 15:00:00,Crystal Palace,4,1,Blackpool
124,2009-10-03 15:00:00,Derby County,3,0,Sheffield Wednesday
125,2009-10-03 15:00:00,Newcastle United,0,0,Bristol City
126,2009-10-03 15:00:00,Peterborough United,1,2,Nottingham Forest
127,2009-10-03 15:00:00,Plymouth Argyle,2,1,Scunthorpe United
128,2009-10-03 15:00:00,Reading,0,2,Middlesbrough
129,2009-10-03 15:00:00,Sheffield United,1,1,Doncaster Rovers
130,2009-10-03 15:00:00,Swansea City,2,0,Queens Park Rangers
131,2009-10-03 15:00:00,Watford,0,4,Cardiff City
132,2009-10-17 12:00:00,Scunthorpe United,3,1,Sheffield United
133,2009-10-17 15:00:00,Blackpool,2,0,Plymouth Argyle
134,2009-10-17 15:00:00,Bristol City,1,1,Peterborough United
135,2009-10-17 15:00:00,Cardiff City,1,1,Crystal Palace
136,2009-10-17 15:00:00,Doncaster Rovers,0,1,Barnsley
137,2009-10-17 15:00:00,Ipswich Town,1,1,Swansea City
138,2009-10-17 15:00:00,Leicester City,0,0,Derby County
139,2009-10-17 15:00:00,Middlesbrough,0,1,Watford
140,2009-10-17 15:00:00,Queens Park Rangers,4,0,Preston North End
141,2009-10-17 15:00:00,Sheffield Wednesday,2,0,Coventry City
142,2009-10-17 15:00:00,West Bromwich Albion,3,1,Reading
143,2009-10-17 17:20:00,Nottingham Forest,1,0,Newcastle United
144,2009-10-20 19:45:00,Blackpool,3,0,Sheffield United
145,2009-10-20 19:45:00,Bristol City,3,1,Plymouth Argyle
146,2009-10-20 19:45:00,Cardiff City,2,0,Coventry City
147,2009-10-20 19:45:00,Doncaster Rovers,3,1,Peterborough United
148,2009-10-20 19:45:00,Ipswich Town,1,1,Watford
149,2009-10-20 19:45:00,Leicester City,2,0,Crystal Palace
150,2009-10-20 19:45:00,Nottingham Forest,1,0,Barnsley
151,2009-10-20 19:45:00,Scunthorpe United,2,1,Newcastle United
152,2009-10-20 19:45:00,Sheffield Wednesday,1,2,Preston North End
153,2009-10-20 19:45:00,West Bromwich Albion,0,1,Swansea City
154,2009-10-20 20:00:00,Middlesbrough,2,0,Derby County
155,2009-10-20 20:00:00,Queens Park Rangers,4,1,Reading
156,2009-10-23 19:45:00,Watford,4,1,Sheffield Wednesday
157,2009-10-24 15:00:00,Barnsley,2,3,Bristol City
158,2009-10-24 15:00:00,Coventry City,0,0,West Bromwich Albion
159,2009-10-24 15:00:00,Crystal Palace,1,1,Nottingham Forest
160,2009-10-24 15:00:00,Newcastle United,2,1,Doncaster Rovers
161,2009-10-24 15:00:00,Peterborough United,3,0,Scunthorpe United
162,2009-10-24 15:00:00,Plymouth Argyle,1,1,Ipswich Town
163,2009-10-24 15:00:00,Preston North End,2,2,Middlesbrough
164,2009-10-24 15:00:00,Sheffield United,3,4,Cardiff City
165,2009-10-24 15:00:00,Swansea City,0,0,Blackpool
166,2009-10-24 17:30:00,Derby County,2,4,Queens Park Rangers
167,2009-10-26 20:00:00,Reading,0,1,Leicester City
168,2009-10-30 19:45:00,Queens Park Rangers,1,2,Leicester City
169,2009-10-31 15:00:00,Bristol City,1,1,Sheffield Wednesday
170,2009-10-31 15:00:00,Coventry City,1,3,Reading
171,2009-10-31 15:00:00,Doncaster Rovers,3,3,Blackpool
172,2009-10-31 15:00:00,Ipswich Town,1,0,Derby County
173,2009-10-31 15:00:00,Middlesbrough,0,1,Plymouth Argyle
174,2009-10-31 15:00:00,Peterborough United,1,2,Barnsley
175,2009-10-31 15:00:00,Preston North End,1,1,Crystal Palace
176,2009-10-31 15:00:00,Scunthorpe United,0,2,Swansea City
177,2009-10-31 15:00:00,West Bromwich Albion,5,0,Watford
178,2009-11-01 17:00:00,Cardiff City,1,1,Nottingham Forest
179,2009-11-02 19:45:00,Sheffield United,0,1,Newcastle United
180,2009-11-03 20:00:00,Queens Park Rangers,1,1,Crystal Palace
181,2009-11-06 19:45:00,Derby County,2,1,Coventry City
182,2009-11-07 12:45:00,Swansea City,3,2,Cardiff City
183,2009-11-07 15:00:00,Blackpool,4,1,Scunthorpe United
184,2009-11-07 15:00:00,Crystal Palace,1,0,Middlesbrough
185,2009-11-07 15:00:00,Leicester City,1,2,West Bromwich Albion
186,2009-11-07 15:00:00,Newcastle United,3,1,Peterborough United
187,2009-11-07 15:00:00,Nottingham Forest,1,1,Bristol City
188,2009-11-07 15:00:00,Plymouth Argyle,2,1,Doncaster Rovers
189,2009-11-07 15:00:00,Reading,1,1,Ipswich Town
190,2009-11-07 15:00:00,Sheffield Wednesday,1,2,Queens Park Rangers
191,2009-11-07 15:00:00,Watford,2,0,Preston North End
192,2009-11-09 19:45:00,Barnsley,2,2,Sheffield United
193,2009-11-20 19:45:00,Swansea City,1,0,Derby County
194,2009-11-21 15:00:00,Barnsley,1,0,Cardiff City
195,2009-11-21 15:00:00,Coventry City,1,1,Crystal Palace
196,2009-11-21 15:00:00,Doncaster Rovers,2,0,Queens Park Rangers
197,2009-11-21 15:00:00,Leicester City,1,0,Plymouth Argyle
198,2009-11-21 15:00:00,Middlesbrough,1,1,Nottingham Forest
199,2009-11-21 15:00:00,Reading,2,1,Blackpool
200,2009-11-21 15:00:00,Sheffield United,1,0,Peterborough United
201,2009-11-21 15:00:00,Watford,3,0,Scunthorpe United
202,2009-11-21 15:00:00,West Bromwich Albion,4,1,Bristol City
203,2009-11-21 17:20:00,Ipswich Town,0,0,Sheffield Wednesday
204,2009-11-23 19:45:00,Preston North End,0,1,Newcastle United
205,2009-11-28 15:00:00,Bristol City,2,3,Sheffield United
206,2009-11-28 15:00:00,Crystal Palace,3,0,Watford
207,2009-11-28 15:00:00,Derby County,2,1,Reading
208,2009-11-28 15:00:00,Newcastle United,3,0,Swansea City
209,2009-11-28 15:00:00,Nottingham Forest,4,1,Doncaster Rovers
210,2009-11-28 15:00:00,Peterborough United,2,2,Middlesbrough
211,2009-11-28 15:00:00,Queens Park Rangers,2,2,Coventry City
212,2009-11-28 15:00:00,Scunthorpe United,1,1,Leicester City
213,2009-11-28 15:00:00,Sheffield Wednesday,0,4,West Bromwich Albion
214,2009-11-29 15:00:00,Cardiff City,1,2,Ipswich Town
215,2009-11-30 20:00:00,Blackpool,1,1,Preston North End
216,2009-12-05 13:00:00,Nottingham Forest,5,1,Leicester City
217,2009-12-05 15:00:00,Blackpool,1,2,Barnsley
218,2009-12-05 15:00:00,Bristol City,0,0,Ipswich Town
219,2009-12-05 15:00:00,Cardiff City,1,0,Preston North End
220,2009-12-05 15:00:00,Crystal Palace,0,3,Doncaster Rovers
221,2009-12-05 15:00:00,Derby County,2,2,West Bromwich Albion
222,2009-12-05 15:00:00,Newcastle United,2,0,Watford
223,2009-12-05 15:00:00,Peterborough United,2,2,Swansea City
224,2009-12-05 15:00:00,Plymouth Argyle,0,1,Sheffield United
225,2009-12-05 15:00:00,Queens Park Rangers,1,5,Middlesbrough
226,2009-12-05 15:00:00,Sheffield Wednesday,0,2,Reading
227,2009-12-06 13:15:00,Scunthorpe United,1,0,Coventry City
228,2009-12-07 19:45:00,Watford,3,1,Queens Park Rangers
229,2009-12-08 19:45:00,Doncaster Rovers,1,0,Sheffield Wednesday
230,2009-12-08 19:45:00,Ipswich Town,0,0,Peterborough United
231,2009-12-08 19:45:00,Leicester City,1,3,Bristol City
232,2009-12-08 19:45:00,Preston North End,0,0,Derby County
233,2009-12-08 19:45:00,Sheffield United,0,0,Nottingham Forest
234,2009-12-08 19:45:00,Swansea City,1,0,Plymouth Argyle
235,2009-12-08 19:45:00,West Bromwich Albion,0,2,Cardiff City
236,2009-12-08 20:00:00,Middlesbrough,0,3,Blackpool
237,2009-12-08 20:00:00,Reading,2,4,Crystal Palace
238,2009-12-09 19:45:00,Barnsley,1,1,Scunthorpe United
239,2009-12-09 19:45:00,Coventry City,0,2,Newcastle United
240,2009-12-12 15:00:00,Barnsley,2,2,Newcastle United
241,2009-12-12 15:00:00,Coventry City,3,2,Peterborough United
242,2009-12-12 15:00:00,Doncaster Rovers,1,0,Bristol City
243,2009-12-12 15:00:00,Ipswich Town,3,1,Blackpool
244,2009-12-12 15:00:00,Leicester City,3,0,Sheffield Wednesday
245,2009-12-12 15:00:00,Preston North End,2,0,Plymouth Argyle
246,2009-12-12 15:00:00,Reading,1,1,Scunthorpe United
247,2009-12-12 15:00:00,Sheffield United,2,0,Crystal Palace
248,2009-12-12 15:00:00,Swansea City,0,1,Nottingham Forest
249,2009-12-12 15:00:00,Watford,0,1,Derby County
250,2009-12-13 13:15:00,Middlesbrough,0,1,Cardiff City
251,2009-12-14 19:45:00,West Bromwich Albion,2,2,Queens Park Rangers
252,2009-12-19 15:00:00,Bristol City,1,1,Reading
253,2009-12-19 15:00:00,Crystal Palace,1,1,Barnsley
254,2009-12-19 15:00:00,Derby County,0,2,Doncaster Rovers
255,2009-12-19 15:00:00,Peterborough United,2,1,Watford
256,2009-12-19 15:00:00,Plymouth Argyle,0,1,Coventry City
257,2009-12-19 15:00:00,Queens Park Rangers,1,1,Sheffield United
258,2009-12-19 15:00:00,Sheffield Wednesday,0,2,Swansea City
259,2009-12-19 17:20:00,Nottingham Forest,3,0,Preston North End
260,2009-12-20 13:00:00,Newcastle United,2,0,Middlesbrough
261,2009-12-26 12:00:00,Watford,0,0,Nottingham Forest
262,2009-12-26 12:45:00,Sheffield Wednesday,2,2,Newcastle United
263,2009-12-26 13:00:00,Cardiff City,0,1,Plymouth Argyle
264,2009-12-26 13:00:00,Crystal Palace,3,1,Ipswich Town
265,2009-12-26 13:00:00,Queens Park Rangers,2,1,Bristol City
266,2009-12-26 15:00:00,Coventry City,1,0,Doncaster Rovers
267,2009-12-26 15:00:00,Derby County,0,2,Blackpool
268,2009-12-26 15:00:00,Middlesbrough,3,0,Scunthorpe United
269,2009-12-26 15:00:00,Reading,1,1,Swansea City
270,2009-12-26 15:00:00,West Bromwich Albion,2,0,Peterborough United
271,2009-12-26 18:00:00,Leicester City,2,1,Sheffield United
272,2009-12-28 15:00:00,Barnsley,2,1,Middlesbrough
273,2009-12-28 15:00:00,Bristol City,2,2,Watford
274,2009-12-28 15:00:00,Ipswich Town,3,0,Queens Park Rangers
275,2009-12-28 15:00:00,Nottingham Forest,2,0,Coventry City
276,2009-12-28 15:00:00,Peterborough United,4,4,Cardiff City
277,2009-12-28 15:00:00,Plymouth Argyle,4,1,Reading
278,2009-12-28 15:00:00,Scunthorpe United,1,3,West Bromwich Albion
279,2009-12-28 15:00:00,Sheffield United,1,0,Preston North End
280,2009-12-28 15:00:00,Swansea City,0,0,Crystal Palace
281,2009-12-28 17:20:00,Newcastle United,0,0,Derby County
282,2010-01-08 19:45:00,West Bromwich Albion,1,3,Nottingham Forest
283,2010-01-09 15:00:00,Cardiff City,1,1,Blackpool
284,2010-01-09 15:00:00,Coventry City,3,1,Barnsley
285,2010-01-09 15:00:00,Derby County,1,4,Scunthorpe United
286,2010-01-10 15:00:00,Leicester City,1,1,Ipswich Town
287,2010-01-16 15:00:00,Barnsley,1,2,Sheffield Wednesday
288,2010-01-16 15:00:00,Blackpool,2,2,Queens Park Rangers
289,2010-01-16 15:00:00,Bristol City,4,2,Preston North End
290,2010-01-16 15:00:00,Doncaster Rovers,2,1,Watford
291,2010-01-16 15:00:00,Ipswich Town,3,2,Coventry City
292,2010-01-16 15:00:00,Nottingham Forest,2,1,Reading
293,2010-01-16 15:00:00,Peterborough United,0,3,Derby County
294,2010-01-16 15:00:00,Plymouth Argyle,0,1,Crystal Palace
295,2010-01-16 15:00:00,Scunthorpe United,1,1,Cardiff City
296,2010-01-16 15:00:00,Sheffield United,1,0,Middlesbrough
297,2010-01-16 15:00:00,Swansea City,1,0,Leicester City
298,2010-01-18 19:45:00,Newcastle United,2,2,West Bromwich Albion
299,2010-01-19 19:45:00,Blackpool,1,2,Sheffield Wednesday
300,2010-01-23 15:00:00,Blackpool,3,2,Watford
301,2010-01-23 15:00:00,Middlesbrough,1,1,Swansea City
302,2010-01-23 15:00:00,Sheffield Wednesday,2,1,Peterborough United
303,2010-01-26 19:45:00,Barnsley,1,0,Leicester City
304,2010-01-26 19:45:00,Bristol City,0,6,Cardiff City
305,2010-01-26 19:45:00,Doncaster Rovers,1,4,Middlesbrough
306,2010-01-26 19:45:00,Ipswich Town,1,1,West Bromwich Albion
307,2010-01-26 19:45:00,Nottingham Forest,5,0,Queens Park Rangers
308,2010-01-26 19:45:00,Peterborough United,0,1,Preston North End
309,2010-01-26 19:45:00,Plymouth Argyle,1,0,Derby County
310,2010-01-26 19:45:00,Sheffield United,3,0,Reading
311,2010-01-26 19:45:00,Swansea City,0,0,Coventry City
312,2010-01-27 19:45:00,Newcastle United,2,0,Crystal Palace
313,2010-01-27 19:45:00,Scunthorpe United,2,0,Sheffield Wednesday
314,2010-01-30 13:00:00,Derby County,1,0,Nottingham Forest
315,2010-01-30 15:00:00,Cardiff City,2,1,Doncaster Rovers
316,2010-01-30 15:00:00,Coventry City,1,1,Blackpool
317,2010-01-30 15:00:00,Crystal Palace,2,0,Peterborough United
318,2010-01-30 15:00:00,Middlesbrough,0,0,Bristol City
319,2010-01-30 15:00:00,Preston North End,2,0,Ipswich Town
320,2010-01-30 15:00:00,Queens Park Rangers,0,1,Scunthorpe United
321,2010-01-30 15:00:00,Reading,1,0,Barnsley
322,2010-01-30 15:00:00,Sheffield Wednesday,2,1,Plymouth Argyle
323,2010-01-30 15:00:00,West Bromwich Albion,3,1,Sheffield United
324,2010-01-30 17:20:00,Leicester City,0,0,Newcastle United
325,2010-02-02 19:45:00,Preston North End,1,4,Barnsley
326,2010-02-02 19:45:00,Watford,3,0,Sheffield United
327,2010-02-03 19:45:00,Blackpool,2,3,West Bromwich Albion
328,2010-02-05 19:45:00,Newcastle United,5,1,Cardiff City
329,2010-02-06 13:00:00,Swansea City,2,0,Preston North End
330,2010-02-06 15:00:00,Barnsley,1,0,Watford
331,2010-02-06 15:00:00,Blackpool,1,2,Leicester City
332,2010-02-06 15:00:00,Bristol City,1,1,Coventry City
333,2010-02-06 15:00:00,Ipswich Town,1,1,Middlesbrough
334,2010-02-06 15:00:00,Nottingham Forest,2,1,Sheffield Wednesday
335,2010-02-06 15:00:00,Peterborough United,1,0,Queens Park Rangers
336,2010-02-06 15:00:00,Plymouth Argyle,0,1,West Bromwich Albion
337,2010-02-06 15:00:00,Scunthorpe United,1,2,Crystal Palace
338,2010-02-06 15:00:00,Sheffield United,1,1,Derby County
339,2010-02-06 17:20:00,Doncaster Rovers,1,2,Reading
340,2010-02-09 19:45:00,Cardiff City,2,0,Peterborough United
341,2010-02-09 19:45:00,Coventry City,1,0,Nottingham Forest
342,2010-02-09 19:45:00,Derby County,3,0,Newcastle United
343,2010-02-09 19:45:00,Leicester City,0,0,Doncaster Rovers
344,2010-02-09 19:45:00,Preston North End,2,1,Sheffield United
345,2010-02-09 19:45:00,Sheffield Wednesday,2,0,Blackpool
346,2010-02-09 19:45:00,Watford,2,0,Bristol City
347,2010-02-09 19:45:00,West Bromwich Albion,2,0,Scunthorpe United
348,2010-02-09 20:00:00,Crystal Palace,0,1,Swansea City
349,2010-02-09 20:00:00,Middlesbrough,2,1,Barnsley
350,2010-02-09 20:00:00,Queens Park Rangers,1,2,Ipswich Town
351,2010-02-09 20:00:00,Reading,2,1,Plymouth Argyle
352,2010-02-13 12:45:00,Swansea City,1,1,Newcastle United
353,2010-02-13 13:00:00,Preston North End,0,0,Blackpool
354,2010-02-13 15:00:00,Barnsley,1,3,Plymouth Argyle
355,2010-02-13 15:00:00,Coventry City,1,0,Queens Park Rangers
356,2010-02-13 15:00:00,Doncaster Rovers,1,0,Nottingham Forest
357,2010-02-13 15:00:00,Leicester City,5,1,Scunthorpe United
358,2010-02-13 15:00:00,Middlesbrough,1,0,Peterborough United
359,2010-02-13 15:00:00,Sheffield United,2,0,Bristol City
360,2010-02-16 19:45:00,Blackpool,2,0,Middlesbrough
361,2010-02-16 19:45:00,Bristol City,1,1,Leicester City
362,2010-02-16 19:45:00,Cardiff City,1,1,West Bromwich Albion
363,2010-02-16 19:45:00,Derby County,5,3,Preston North End
364,2010-02-16 19:45:00,Nottingham Forest,1,0,Sheffield United
365,2010-02-16 19:45:00,Peterborough United,3,1,Ipswich Town
366,2010-02-16 19:45:00,Plymouth Argyle,1,1,Swansea City
367,2010-02-16 19:45:00,Scunthorpe United,2,1,Barnsley
368,2010-02-16 19:45:00,Sheffield Wednesday,0,2,Doncaster Rovers
369,2010-02-17 19:45:00,Newcastle United,4,1,Coventry City
370,2010-02-17 20:00:00,Crystal Palace,1,3,Reading
371,2010-02-20 15:00:00,Blackpool,2,0,Reading
372,2010-02-20 15:00:00,Cardiff City,0,2,Barnsley
373,2010-02-20 15:00:00,Crystal Palace,0,1,Coventry City
374,2010-02-20 15:00:00,Derby County,0,1,Swansea City
375,2010-02-20 15:00:00,Newcastle United,3,0,Preston North End
376,2010-02-20 15:00:00,Nottingham Forest,1,0,Middlesbrough
377,2010-02-20 15:00:00,Plymouth Argyle,1,1,Leicester City
378,2010-02-20 15:00:00,Queens Park Rangers,2,1,Doncaster Rovers
379,2010-02-20 15:00:00,Scunthorpe United,2,2,Watford
380,2010-02-20 15:00:00,Sheffield Wednesday,0,1,Ipswich Town
381,2010-02-21 14:00:00,Bristol City,2,1,West Bromwich Albion
382,2010-02-23 19:45:00,Doncaster Rovers,0,1,Leicester City
383,2010-02-23 19:45:00,Scunthorpe United,1,1,Ipswich Town
384,2010-02-27 15:00:00,Barnsley,1,0,Blackpool
385,2010-02-27 15:00:00,Coventry City,2,1,Scunthorpe United
386,2010-02-27 15:00:00,Doncaster Rovers,1,1,Crystal Palace
387,2010-02-27 15:00:00,Ipswich Town,0,0,Bristol City
388,2010-02-27 15:00:00,Leicester City,3,0,Nottingham Forest
389,2010-02-27 15:00:00,Middlesbrough,2,0,Queens Park Rangers
390,2010-02-27 15:00:00,Preston North End,3,0,Cardiff City
391,2010-02-27 15:00:00,Reading,5,0,Sheffield Wednesday
392,2010-02-27 15:00:00,Sheffield United,4,3,Plymouth Argyle
393,2010-02-27 15:00:00,Swansea City,1,0,Peterborough United
394,2010-02-27 15:00:00,Watford,1,2,Newcastle United
395,2010-02-27 15:00:00,West Bromwich Albion,3,1,Derby County
396,2010-03-06 15:00:00,Blackpool,1,0,Ipswich Town
397,2010-03-06 15:00:00,Bristol City,2,5,Doncaster Rovers
398,2010-03-06 15:00:00,Cardiff City,1,0,Middlesbrough
399,2010-03-06 15:00:00,Crystal Palace,1,0,Sheffield United
400,2010-03-06 15:00:00,Derby County,2,0,Watford
401,2010-03-06 15:00:00,Newcastle United,6,1,Barnsley
402,2010-03-06 15:00:00,Nottingham Forest,1,0,Swansea City
403,2010-03-06 15:00:00,Peterborough United,0,1,Coventry City
404,2010-03-06 15:00:00,Plymouth Argyle,1,1,Preston North End
405,2010-03-06 15:00:00,Queens Park Rangers,3,1,West Bromwich Albion
406,2010-03-06 15:00:00,Sheffield Wednesday,2,0,Leicester City
407,2010-03-09 19:30:00,Peterborough United,1,0,Sheffield United
408,2010-03-09 19:45:00,Ipswich Town,2,0,Cardiff City
409,2010-03-09 19:45:00,Preston North End,1,1,Doncaster Rovers
410,2010-03-09 19:45:00,Watford,0,1,Swansea City
411,2010-03-09 19:45:00,West Bromwich Albion,1,0,Sheffield Wednesday
412,2010-03-09 20:00:00,Crystal Palace,0,1,Bristol City
413,2010-03-09 20:00:00,Queens Park Rangers,2,0,Plymouth Argyle
414,2010-03-10 20:00:00,Reading,4,1,Derby County
415,2010-03-13 15:00:00,Barnsley,0,0,Crystal Palace
416,2010-03-13 15:00:00,Coventry City,1,1,Plymouth Argyle
417,2010-03-13 15:00:00,Doncaster Rovers,2,1,Derby County
418,2010-03-13 15:00:00,Ipswich Town,1,0,Scunthorpe United
419,2010-03-13 15:00:00,Leicester City,1,0,Cardiff City
420,2010-03-13 15:00:00,Middlesbrough,2,2,Newcastle United
421,2010-03-13 15:00:00,Preston North End,3,2,Nottingham Forest
422,2010-03-13 15:00:00,Reading,2,0,Bristol City
423,2010-03-13 15:00:00,Sheffield United,1,1,Queens Park Rangers
424,2010-03-13 15:00:00,Swansea City,0,0,Sheffield Wednesday
425,2010-03-13 15:00:00,Watford,0,1,Peterborough United
426,2010-03-13 15:00:00,West Bromwich Albion,3,2,Blackpool
427,2010-03-16 19:45:00,Barnsley,2,1,Nottingham Forest
428,2010-03-16 19:45:00,Coventry City,1,2,Cardiff City
429,2010-03-16 19:45:00,Derby County,2,2,Middlesbrough
430,2010-03-16 19:45:00,Peterborough United,1,2,Doncaster Rovers
431,2010-03-16 19:45:00,Plymouth Argyle,3,2,Bristol City
432,2010-03-16 19:45:00,Preston North End,2,2,Sheffield Wednesday
433,2010-03-16 19:45:00,Sheffield United,3,0,Blackpool
434,2010-03-16 19:45:00,Swansea City,0,2,West Bromwich Albion
435,2010-03-16 19:45:00,Watford,2,1,Ipswich Town
436,2010-03-16 20:00:00,Crystal Palace,0,1,Leicester City
437,2010-03-16 20:00:00,Reading,1,0,Queens Park Rangers
438,2010-03-17 19:45:00,Newcastle United,3,0,Scunthorpe United
439,2010-03-20 15:00:00,Blackpool,2,2,Crystal Palace
440,2010-03-20 15:00:00,Doncaster Rovers,1,1,Sheffield United
441,2010-03-20 15:00:00,Ipswich Town,1,0,Barnsley
442,2010-03-20 15:00:00,Middlesbrough,1,1,Reading
443,2010-03-20 15:00:00,Nottingham Forest,1,0,Peterborough United
444,2010-03-20 15:00:00,Queens Park Rangers,1,1,Swansea City
445,2010-03-20 15:00:00,Scunthorpe United,2,1,Plymouth Argyle
446,2010-03-20 15:00:00,Sheffield Wednesday,0,0,Derby County
447,2010-03-20 15:00:00,West Bromwich Albion,3,2,Preston North End
448,2010-03-20 17:20:00,Bristol City,2,2,Newcastle United
449,2010-03-21 14:00:00,Leicester City,2,2,Coventry City
450,2010-03-21 15:00:00,Cardiff City,3,1,Watford
451,2010-03-23 19:45:00,Blackpool,5,1,Swansea City
452,2010-03-23 19:45:00,Bristol City,5,3,Barnsley
453,2010-03-23 19:45:00,Doncaster Rovers,0,1,Newcastle United
454,2010-03-23 19:45:00,Ipswich Town,0,2,Plymouth Argyle
455,2010-03-23 19:45:00,Nottingham Forest,2,0,Crystal Palace
456,2010-03-23 19:45:00,Scunthorpe United,4,0,Peterborough United
457,2010-03-23 20:00:00,Middlesbrough,2,0,Preston North End
458,2010-03-23 20:00:00,Queens Park Rangers,1,1,Derby County
459,2010-03-24 19:45:00,Cardiff City,1,1,Sheffield United
460,2010-03-24 19:45:00,Leicester City,1,2,Reading
461,2010-03-24 19:45:00,Sheffield Wednesday,2,1,Watford
462,2010-03-24 19:45:00,West Bromwich Albion,1,0,Coventry City
463,2010-03-27 12:45:00,Crystal Palace,1,2,Cardiff City
464,2010-03-27 15:00:00,Barnsley,0,1,Doncaster Rovers
465,2010-03-27 15:00:00,Coventry City,1,1,Sheffield Wednesday
466,2010-03-27 15:00:00,Derby County,1,0,Leicester City
467,2010-03-27 15:00:00,Peterborough United,0,1,Bristol City
468,2010-03-27 15:00:00,Plymouth Argyle,0,2,Blackpool
469,2010-03-27 15:00:00,Preston North End,2,2,Queens Park Rangers
470,2010-03-27 15:00:00,Reading,1,1,West Bromwich Albion
471,2010-03-27 15:00:00,Swansea City,0,0,Ipswich Town
472,2010-03-27 15:00:00,Watford,1,1,Middlesbrough
473,2010-03-28 12:15:00,Sheffield United,0,1,Scunthorpe United
474,2010-03-29 19:45:00,Newcastle United,2,0,Nottingham Forest
475,2010-03-30 19:45:00,Cardiff City,2,1,Leicester City
476,2010-03-30 19:45:00,Plymouth Argyle,0,0,Barnsley
477,2010-03-30 19:45:00,Watford,1,3,Crystal Palace
478,2010-04-02 15:00:00,Scunthorpe United,2,4,Blackpool
479,2010-04-02 17:15:00,West Bromwich Albion,3,0,Leicester City
480,2010-04-03 15:00:00,Bristol City,1,1,Nottingham Forest
481,2010-04-03 15:00:00,Coventry City,0,1,Derby County
482,2010-04-03 15:00:00,Doncaster Rovers,1,2,Plymouth Argyle
483,2010-04-03 15:00:00,Ipswich Town,2,1,Reading
484,2010-04-03 15:00:00,Middlesbrough,1,1,Crystal Palace
485,2010-04-03 15:00:00,Peterborough United,2,3,Newcastle United
486,2010-04-03 15:00:00,Preston North End,1,1,Watford
487,2010-04-03 15:00:00,Queens Park Rangers,1,1,Sheffield Wednesday
488,2010-04-03 15:00:00,Sheffield United,0,0,Barnsley
489,2010-04-03 17:20:00,Cardiff City,2,1,Swansea City
490,2010-04-05 15:00:00,Barnsley,2,2,Peterborough United
491,2010-04-05 15:00:00,Blackpool,2,0,Doncaster Rovers
492,2010-04-05 15:00:00,Crystal Palace,3,1,Preston North End
493,2010-04-05 15:00:00,Derby County,1,3,Ipswich Town
494,2010-04-05 15:00:00,Leicester City,4,0,Queens Park Rangers
495,2010-04-05 15:00:00,Plymouth Argyle,0,2,Middlesbrough
496,2010-04-05 15:00:00,Reading,3,0,Coventry City
497,2010-04-05 15:00:00,Sheffield Wednesday,0,1,Bristol City
498,2010-04-05 15:00:00,Swansea City,3,0,Scunthorpe United
499,2010-04-05 15:00:00,Watford,1,1,West Bromwich Albion
500,2010-04-05 17:15:00,Nottingham Forest,0,0,Cardiff City
501,2010-04-05 19:45:00,Newcastle United,2,1,Sheffield United
502,2010-04-10 14:00:00,Bristol City,1,0,Swansea City
503,2010-04-10 15:00:00,Barnsley,0,0,Derby County
504,2010-04-10 15:00:00,Cardiff City,0,0,Reading
505,2010-04-10 15:00:00,Crystal Palace,0,2,Queens Park Rangers
506,2010-04-10 15:00:00,Doncaster Rovers,2,3,West Bromwich Albion
507,2010-04-10 15:00:00,Middlesbrough,1,0,Sheffield Wednesday
508,2010-04-10 15:00:00,Newcastle United,4,1,Blackpool
509,2010-04-10 15:00:00,Nottingham Forest,3,0,Ipswich Town
510,2010-04-10 15:00:00,Peterborough United,1,2,Leicester City
511,2010-04-10 15:00:00,Preston North End,3,2,Scunthorpe United
512,2010-04-10 15:00:00,Sheffield United,1,0,Coventry City
513,2010-04-10 15:00:00,Watford,1,0,Plymouth Argyle
514,2010-04-13 20:00:00,Reading,1,2,Newcastle United
515,2010-04-17 15:00:00,Blackpool,3,1,Nottingham Forest
516,2010-04-17 15:00:00,Coventry City,1,1,Preston North End
517,2010-04-17 15:00:00,Derby County,1,1,Crystal Palace
518,2010-04-17 15:00:00,Ipswich Town,1,1,Doncaster Rovers
519,2010-04-17 15:00:00,Leicester City,4,1,Watford
520,2010-04-17 15:00:00,Queens Park Rangers,0,1,Cardiff City
521,2010-04-17 15:00:00,Reading,6,0,Peterborough United
522,2010-04-17 15:00:00,Scunthorpe United,3,0,Bristol City
523,2010-04-17 15:00:00,Swansea City,3,1,Barnsley
524,2010-04-17 17:15:00,West Bromwich Albion,2,0,Middlesbrough
525,2010-04-18 13:00:00,Sheffield Wednesday,1,1,Sheffield United
526,2010-04-19 19:45:00,Plymouth Argyle,0,2,Newcastle United
527,2010-04-20 19:45:00,Scunthorpe United,2,2,Reading
528,2010-04-20 20:00:00,Queens Park Rangers,1,0,Watford
529,2010-04-24 15:00:00,Barnsley,0,1,Queens Park Rangers
530,2010-04-24 15:00:00,Bristol City,2,1,Derby County
531,2010-04-24 15:00:00,Cardiff City,3,2,Sheffield Wednesday
532,2010-04-24 15:00:00,Doncaster Rovers,4,3,Scunthorpe United
533,2010-04-24 15:00:00,Middlesbrough,1,1,Coventry City
534,2010-04-24 15:00:00,Newcastle United,2,2,Ipswich Town
535,2010-04-24 15:00:00,Nottingham Forest,3,0,Plymouth Argyle
536,2010-04-24 15:00:00,Peterborough United,0,1,Blackpool
537,2010-04-24 15:00:00,Preston North End,0,1,Leicester City
538,2010-04-24 15:00:00,Sheffield United,2,0,Swansea City
539,2010-04-24 15:00:00,Watford,3,0,Reading
540,2010-04-26 20:00:00,Crystal Palace,1,1,West Bromwich Albion
541,2010-05-02 13:00:00,Blackpool,1,1,Bristol City
542,2010-05-02 13:00:00,Coventry City,0,4,Watford
543,2010-05-02 13:00:00,Derby County,2,0,Cardiff City
544,2010-05-02 13:00:00,Ipswich Town,0,3,Sheffield United
545,2010-05-02 13:00:00,Leicester City,2,0,Middlesbrough
546,2010-05-02 13:00:00,Plymouth Argyle,1,2,Peterborough United
547,2010-05-02 13:00:00,Queens Park Rangers,0,1,Newcastle United
548,2010-05-02 13:00:00,Reading,4,1,Preston North End
549,2010-05-02 13:00:00,Scunthorpe United,2,2,Nottingham Forest
550,2010-05-02 13:00:00,Sheffield Wednesday,2,2,Crystal Palace
551,2010-05-02 13:00:00,Swansea City,0,0,Doncaster Rovers
552,2010-05-02 13:00:00,West Bromwich Albion,1,1,Barnsley
553,2010-05-08 12:45:00,Blackpool,2,1,Nottingham Forest
554,2010-05-09 13:15:00,Leicester City,0,1,Cardiff City
555,2010-05-11 19:45:00,Nottingham Forest,3,4,Blackpool
556,2010-05-12 19:45:00,Cardiff City,2,3,Leicester City
557,2010-05-22 15:00:00,Blackpool,3,2,Cardiff City
