Match Number,Round Number,Date,Location,Home Team,Away Team,Result
1,1,06/08/2021 19:45,Dean Court,Bournemouth,West Bromwich Albion,2 - 2
2,1,07/08/2021 15:00,Ewood Park,Blackburn Rovers,Swansea City,2 - 1
3,1,07/08/2021 15:00,Ashton Gate Stadium,Bristol City,Blackpool,1 - 1
4,1,07/08/2021 15:00,Cardiff City Stadium,Cardiff City,Barnsley,1 - 1
5,1,07/08/2021 15:00,Pride Park Stadium,Derby County,Huddersfield Town,1 - 1
6,1,07/08/2021 15:00,Kenilworth Road,Luton Town,Peterborough United,3 - 0
7,1,07/08/2021 15:00,Deepdale,Preston North End,Hull City,1 - 4
8,1,07/08/2021 15:00,Loftus Road,Queens Park Rangers,Millwall,1 - 1
9,1,07/08/2021 15:00,bet365 Stadium,Stoke City,Reading,3 - 2
10,1,07/08/2021 20:00,Bramall Lane,Sheffield United,Birmingham City,0 - 1
11,1,08/08/2021 13:30,Craven Cottage,Fulham,Middlesbrough,1 - 1
12,1,08/08/2021 16:30,Coventry Building Society Arena,Coventry City,Nottingham Forest,2 - 1
13,2,14/08/2021 12:30,London Road Stadium,Peterborough United,Derby County,2 - 1
14,2,14/08/2021 15:00,Oakwell,Barnsley,Coventry City,1 - 0
15,2,14/08/2021 15:00,St Andrew's,Birmingham City,Stoke City,0 - 0
16,2,14/08/2021 15:00,Bloomfield Road,Blackpool,Cardiff City,0 - 2
17,2,14/08/2021 15:00,Kirklees Stadium,Huddersfield Town,Fulham,1 - 5
18,2,14/08/2021 15:00,KCOM Stadium,Hull City,Queens Park Rangers,0 - 3
19,2,14/08/2021 15:00,Riverside Stadium,Middlesbrough,Bristol City,2 - 1
20,2,14/08/2021 15:00,The Den,Millwall,Blackburn Rovers,1 - 1
21,2,14/08/2021 15:00,City Ground,Nottingham Forest,Bournemouth,1 - 2
22,2,14/08/2021 15:00,Madejski Stadium,Reading,Preston North End,2 - 1
23,2,14/08/2021 15:00,The Hawthorns,West Bromwich Albion,Luton Town,3 - 2
24,2,14/08/2021 20:00,Liberty Stadium,Swansea City,Sheffield United,0 - 0
25,3,17/08/2021 19:45,Oakwell,Barnsley,Luton Town,0 - 1
26,3,17/08/2021 19:45,Bloomfield Road,Blackpool,Coventry City,0 - 1
27,3,17/08/2021 19:45,Kirklees Stadium,Huddersfield Town,Preston North End,1 - 0
28,3,17/08/2021 19:45,The Den,Millwall,Fulham,1 - 2
29,3,17/08/2021 19:45,London Road Stadium,Peterborough United,Cardiff City,2 - 2
30,3,17/08/2021 19:45,Liberty Stadium,Swansea City,Stoke City,1 - 3
35,3,17/08/2021 20:00,Madejski Stadium,Reading,Bristol City,2 - 3
31,3,18/08/2021 19:45,St Andrew's,Birmingham City,Bournemouth,0 - 2
32,3,18/08/2021 19:45,KCOM Stadium,Hull City,Derby County,0 - 1
33,3,18/08/2021 19:45,Riverside Stadium,Middlesbrough,Queens Park Rangers,2 - 3
34,3,18/08/2021 19:45,City Ground,Nottingham Forest,Blackburn Rovers,1 - 2
36,3,18/08/2021 20:00,The Hawthorns,West Bromwich Albion,Sheffield United,4 - 0
37,4,20/08/2021 19:45,Ashton Gate Stadium,Bristol City,Swansea City,0 - 1
38,4,21/08/2021 12:30,Loftus Road,Queens Park Rangers,Barnsley,2 - 2
39,4,21/08/2021 15:00,Ewood Park,Blackburn Rovers,West Bromwich Albion,1 - 2
40,4,21/08/2021 15:00,Dean Court,Bournemouth,Blackpool,2 - 2
41,4,21/08/2021 15:00,Cardiff City Stadium,Cardiff City,Millwall,3 - 1
42,4,21/08/2021 15:00,Coventry Building Society Arena,Coventry City,Reading,2 - 1
43,4,21/08/2021 15:00,Pride Park Stadium,Derby County,Middlesbrough,0 - 0
44,4,21/08/2021 15:00,Craven Cottage,Fulham,Hull City,2 - 0
45,4,21/08/2021 15:00,Kenilworth Road,Luton Town,Birmingham City,0 - 5
46,4,21/08/2021 15:00,Deepdale,Preston North End,Peterborough United,1 - 0
47,4,21/08/2021 15:00,Bramall Lane,Sheffield United,Huddersfield Town,1 - 2
48,4,21/08/2021 15:00,bet365 Stadium,Stoke City,Nottingham Forest,1 - 0
50,5,28/08/2021 12:30,Pride Park Stadium,Derby County,Nottingham Forest,1 - 1
52,5,28/08/2021 12:30,Cardiff City Stadium,Cardiff City,Bristol City,1 - 2
51,5,28/08/2021 15:00,Oakwell,Barnsley,Birmingham City,1 - 1
53,5,28/08/2021 15:00,Craven Cottage,Fulham,Stoke City,3 - 0
54,5,28/08/2021 15:00,Kirklees Stadium,Huddersfield Town,Reading,4 - 0
55,5,28/08/2021 15:00,KCOM Stadium,Hull City,Bournemouth,0 - 0
56,5,28/08/2021 15:00,Kenilworth Road,Luton Town,Sheffield United,0 - 0
57,5,28/08/2021 15:00,Riverside Stadium,Middlesbrough,Blackburn Rovers,1 - 1
58,5,28/08/2021 15:00,The Den,Millwall,Blackpool,2 - 1
59,5,28/08/2021 15:00,Deepdale,Preston North End,Swansea City,3 - 1
60,5,28/08/2021 15:00,Loftus Road,Queens Park Rangers,Coventry City,2 - 0
49,5,28/08/2021 20:00,London Road Stadium,Peterborough United,West Bromwich Albion,0 - 1
61,6,10/09/2021 20:00,St Andrew's,Birmingham City,Derby County,2 - 0
62,6,11/09/2021 15:00,Ewood Park,Blackburn Rovers,Luton Town,2 - 2
63,6,11/09/2021 15:00,Bloomfield Road,Blackpool,Fulham,1 - 0
64,6,11/09/2021 15:00,Dean Court,Bournemouth,Barnsley,3 - 0
65,6,11/09/2021 15:00,Ashton Gate Stadium,Bristol City,Preston North End,0 - 0
66,6,11/09/2021 15:00,Coventry Building Society Arena,Coventry City,Middlesbrough,2 - 0
68,6,11/09/2021 15:00,Madejski Stadium,Reading,Queens Park Rangers,3 - 3
69,6,11/09/2021 15:00,Bramall Lane,Sheffield United,Peterborough United,6 - 2
70,6,11/09/2021 15:00,bet365 Stadium,Stoke City,Huddersfield Town,2 - 1
71,6,11/09/2021 15:00,Liberty Stadium,Swansea City,Hull City,0 - 0
72,6,11/09/2021 15:00,The Hawthorns,West Bromwich Albion,Millwall,1 - 1
67,6,12/09/2021 14:30,City Ground,Nottingham Forest,Cardiff City,1 - 2
73,7,14/09/2021 19:45,Ewood Park,Blackburn Rovers,Hull City,2 - 0
74,7,14/09/2021 19:45,Bloomfield Road,Blackpool,Huddersfield Town,0 - 3
75,7,14/09/2021 19:45,Dean Court,Bournemouth,Queens Park Rangers,2 - 1
76,7,14/09/2021 19:45,Bramall Lane,Sheffield United,Preston North End,2 - 2
77,7,14/09/2021 20:00,Madejski Stadium,Reading,Peterborough United,3 - 1
78,7,14/09/2021 20:00,The Hawthorns,West Bromwich Albion,Derby County,0 - 0
79,7,15/09/2021 19:45,St Andrew's,Birmingham City,Fulham,1 - 4
80,7,15/09/2021 19:45,Ashton Gate Stadium,Bristol City,Luton Town,1 - 1
81,7,15/09/2021 19:45,Coventry Building Society Arena,Coventry City,Cardiff City,1 - 0
82,7,15/09/2021 19:45,City Ground,Nottingham Forest,Middlesbrough,0 - 2
83,7,15/09/2021 19:45,Liberty Stadium,Swansea City,Millwall,0 - 0
84,7,15/09/2021 19:45,bet365 Stadium,Stoke City,Barnsley,1 - 1
90,8,18/09/2021 12:30,KCOM Stadium,Hull City,Sheffield United,1 - 3
85,8,18/09/2021 15:00,Oakwell,Barnsley,Blackburn Rovers,0 - 0
86,8,18/09/2021 15:00,Cardiff City Stadium,Cardiff City,Bournemouth,0 - 1
87,8,18/09/2021 15:00,Pride Park Stadium,Derby County,Stoke City,2 - 1
88,8,18/09/2021 15:00,Craven Cottage,Fulham,Reading,1 - 2
89,8,18/09/2021 15:00,Kirklees Stadium,Huddersfield Town,Nottingham Forest,0 - 2
91,8,18/09/2021 15:00,Kenilworth Road,Luton Town,Swansea City,3 - 3
92,8,18/09/2021 15:00,Riverside Stadium,Middlesbrough,Blackpool,1 - 2
93,8,18/09/2021 15:00,The Den,Millwall,Coventry City,1 - 1
94,8,18/09/2021 15:00,London Road Stadium,Peterborough United,Birmingham City,3 - 0
95,8,18/09/2021 15:00,Deepdale,Preston North End,West Bromwich Albion,1 - 1
96,8,18/09/2021 15:00,Loftus Road,Queens Park Rangers,Bristol City,1 - 2
102,9,24/09/2021 19:45,Coventry Building Society Arena,Coventry City,Peterborough United,3 - 0
108,9,24/09/2021 20:00,The Hawthorns,West Bromwich Albion,Queens Park Rangers,2 - 1
104,9,25/09/2021 12:30,Madejski Stadium,Reading,Middlesbrough,1 - 0
97,9,25/09/2021 15:00,St Andrew's,Birmingham City,Preston North End,0 - 0
98,9,25/09/2021 15:00,Ewood Park,Blackburn Rovers,Cardiff City,5 - 1
99,9,25/09/2021 15:00,Bloomfield Road,Blackpool,Barnsley,1 - 0
100,9,25/09/2021 15:00,Dean Court,Bournemouth,Luton Town,2 - 1
101,9,25/09/2021 15:00,Ashton Gate Stadium,Bristol City,Fulham,1 - 1
103,9,25/09/2021 15:00,City Ground,Nottingham Forest,Millwall,1 - 1
105,9,25/09/2021 15:00,Bramall Lane,Sheffield United,Derby County,1 - 0
106,9,25/09/2021 15:00,bet365 Stadium,Stoke City,Hull City,2 - 0
107,9,25/09/2021 15:00,Liberty Stadium,Swansea City,Huddersfield Town,1 - 0
109,10,28/09/2021 19:45,Cardiff City Stadium,Cardiff City,West Bromwich Albion,0 - 4
110,10,28/09/2021 19:45,Kirklees Stadium,Huddersfield Town,Blackburn Rovers,3 - 2
111,10,28/09/2021 19:45,KCOM Stadium,Hull City,Blackpool,1 - 1
112,10,28/09/2021 19:45,Riverside Stadium,Middlesbrough,Sheffield United,2 - 0
113,10,28/09/2021 19:45,Deepdale,Preston North End,Stoke City,1 - 1
114,10,28/09/2021 19:45,Loftus Road,Queens Park Rangers,Birmingham City,2 - 0
115,10,29/09/2021 19:45,Oakwell,Barnsley,Nottingham Forest,1 - 3
116,10,29/09/2021 19:45,Pride Park Stadium,Derby County,Reading,1 - 0
117,10,29/09/2021 19:45,Craven Cottage,Fulham,Swansea City,3 - 1
118,10,29/09/2021 19:45,Kenilworth Road,Luton Town,Coventry City,5 - 0
119,10,29/09/2021 19:45,The Den,Millwall,Bristol City,1 - 0
120,10,29/09/2021 19:45,London Road Stadium,Peterborough United,Bournemouth,0 - 0
132,11,01/10/2021 19:45,bet365 Stadium,Stoke City,West Bromwich Albion,1 - 0
126,11,02/10/2021 12:30,Coventry Building Society Arena,Coventry City,Fulham,4 - 1
121,11,02/10/2021 15:00,Oakwell,Barnsley,Millwall,0 - 1
122,11,02/10/2021 15:00,St Andrew's,Birmingham City,Nottingham Forest,0 - 3
123,11,02/10/2021 15:00,Bloomfield Road,Blackpool,Blackburn Rovers,2 - 1
124,11,02/10/2021 15:00,Dean Court,Bournemouth,Sheffield United,2 - 1
125,11,02/10/2021 15:00,Cardiff City Stadium,Cardiff City,Reading,0 - 1
127,11,02/10/2021 15:00,Pride Park Stadium,Derby County,Swansea City,0 - 0
128,11,02/10/2021 15:00,KCOM Stadium,Hull City,Middlesbrough,2 - 0
129,11,02/10/2021 15:00,Kenilworth Road,Luton Town,Huddersfield Town,0 - 0
130,11,02/10/2021 15:00,London Road Stadium,Peterborough United,Bristol City,2 - 3
131,11,02/10/2021 15:00,Loftus Road,Queens Park Rangers,Preston North End,3 - 2
144,12,15/10/2021 20:00,The Hawthorns,West Bromwich Albion,Birmingham City,1 - 0
135,12,16/10/2021 12:30,Craven Cottage,Fulham,Queens Park Rangers,4 - 1
133,12,16/10/2021 15:00,Ewood Park,Blackburn Rovers,Coventry City,2 - 2
134,12,16/10/2021 15:00,Ashton Gate Stadium,Bristol City,Bournemouth,0 - 2
136,12,16/10/2021 15:00,Kirklees Stadium,Huddersfield Town,Hull City,2 - 0
137,12,16/10/2021 15:00,Riverside Stadium,Middlesbrough,Peterborough United,2 - 0
138,12,16/10/2021 15:00,The Den,Millwall,Luton Town,0 - 2
139,12,16/10/2021 15:00,City Ground,Nottingham Forest,Blackpool,2 - 1
140,12,16/10/2021 15:00,Deepdale,Preston North End,Derby County,0 - 0
141,12,16/10/2021 15:00,Madejski Stadium,Reading,Barnsley,1 - 0
142,12,16/10/2021 15:00,Bramall Lane,Sheffield United,Stoke City,2 - 1
143,12,17/10/2021 12:00,Liberty Stadium,Swansea City,Cardiff City,3 - 0
145,13,19/10/2021 19:45,Ashton Gate Stadium,Bristol City,Nottingham Forest,1 - 2
146,13,19/10/2021 19:45,Pride Park Stadium,Derby County,Luton Town,2 - 2
148,13,19/10/2021 19:45,Loftus Road,Queens Park Rangers,Blackburn Rovers,1 - 0
149,13,19/10/2021 19:45,Bramall Lane,Sheffield United,Millwall,1 - 2
150,13,19/10/2021 19:45,bet365 Stadium,Stoke City,Bournemouth,0 - 1
147,13,20/10/2021 19:45,Craven Cottage,Fulham,Cardiff City,2 - 0
151,13,20/10/2021 19:45,Kirklees Stadium,Huddersfield Town,Birmingham City,0 - 0
152,13,20/10/2021 19:45,KCOM Stadium,Hull City,Peterborough United,1 - 2
153,13,20/10/2021 19:45,Riverside Stadium,Middlesbrough,Barnsley,2 - 0
154,13,20/10/2021 19:45,Deepdale,Preston North End,Coventry City,2 - 1
155,13,20/10/2021 19:45,Liberty Stadium,Swansea City,West Bromwich Albion,2 - 1
156,13,20/10/2021 20:00,Madejski Stadium,Reading,Blackpool,2 - 3
162,14,23/10/2021 12:30,Cardiff City Stadium,Cardiff City,Middlesbrough,0 - 2
158,14,23/10/2021 15:00,St Andrew's,Birmingham City,Swansea City,2 - 1
159,14,23/10/2021 15:00,Ewood Park,Blackburn Rovers,Reading,2 - 0
160,14,23/10/2021 15:00,Bloomfield Road,Blackpool,Preston North End,2 - 0
161,14,23/10/2021 15:00,Dean Court,Bournemouth,Huddersfield Town,3 - 0
163,14,23/10/2021 15:00,Coventry Building Society Arena,Coventry City,Derby County,1 - 1
164,14,23/10/2021 15:00,Kenilworth Road,Luton Town,Hull City,1 - 0
165,14,23/10/2021 15:00,The Den,Millwall,Stoke City,2 - 1
167,14,23/10/2021 15:00,London Road Stadium,Peterborough United,Queens Park Rangers,2 - 1
168,14,23/10/2021 15:00,The Hawthorns,West Bromwich Albion,Bristol City,3 - 0
157,14,24/10/2021 12:30,Oakwell,Barnsley,Sheffield United,2 - 3
166,14,24/10/2021 15:00,City Ground,Nottingham Forest,Fulham,0 - 4
176,15,29/10/2021 19:45,Loftus Road,Queens Park Rangers,Nottingham Forest,1 - 1
171,15,30/10/2021 12:30,Craven Cottage,Fulham,West Bromwich Albion,3 - 0
169,15,30/10/2021 15:00,Ashton Gate Stadium,Bristol City,Barnsley,2 - 1
170,15,30/10/2021 15:00,Pride Park Stadium,Derby County,Blackburn Rovers,1 - 2
172,15,30/10/2021 15:00,Kirklees Stadium,Huddersfield Town,Millwall,1 - 0
173,15,30/10/2021 15:00,KCOM Stadium,Hull City,Coventry City,0 - 1
174,15,30/10/2021 15:00,Riverside Stadium,Middlesbrough,Birmingham City,0 - 2
175,15,30/10/2021 15:00,Deepdale,Preston North End,Luton Town,2 - 0
178,15,30/10/2021 15:00,Bramall Lane,Sheffield United,Blackpool,0 - 1
179,15,30/10/2021 15:00,bet365 Stadium,Stoke City,Cardiff City,3 - 3
180,15,30/10/2021 15:00,Liberty Stadium,Swansea City,Peterborough United,3 - 0
177,15,30/10/2021 20:00,Madejski Stadium,Reading,Bournemouth,0 - 2
181,16,02/11/2021 19:45,St Andrew's,Birmingham City,Bristol City,3 - 0
182,16,02/11/2021 19:45,Coventry Building Society Arena,Coventry City,Swansea City,1 - 2
183,16,02/11/2021 19:45,Kenilworth Road,Luton Town,Middlesbrough,3 - 1
184,16,02/11/2021 19:45,The Den,Millwall,Reading,1 - 0
185,16,02/11/2021 19:45,City Ground,Nottingham Forest,Sheffield United,1 - 1
186,16,02/11/2021 19:45,London Road Stadium,Peterborough United,Huddersfield Town,1 - 1
187,16,03/11/2021 19:45,Oakwell,Barnsley,Derby County,2 - 1
188,16,03/11/2021 19:45,Ewood Park,Blackburn Rovers,Fulham,0 - 7
189,16,03/11/2021 19:45,Bloomfield Road,Blackpool,Stoke City,0 - 1
190,16,03/11/2021 19:45,Dean Court,Bournemouth,Preston North End,1 - 2
191,16,03/11/2021 19:45,Cardiff City Stadium,Cardiff City,Queens Park Rangers,0 - 1
192,16,03/11/2021 20:00,The Hawthorns,West Bromwich Albion,Hull City,1 - 0
193,17,06/11/2021 15:00,Oakwell,Barnsley,Hull City,0 - 2
194,17,06/11/2021 15:00,St Andrew's,Birmingham City,Reading,1 - 2
195,17,06/11/2021 15:00,Ewood Park,Blackburn Rovers,Sheffield United,3 - 1
197,17,06/11/2021 15:00,Dean Court,Bournemouth,Swansea City,4 - 0
198,17,06/11/2021 15:00,Cardiff City Stadium,Cardiff City,Huddersfield Town,2 - 1
199,17,06/11/2021 15:00,Coventry Building Society Arena,Coventry City,Bristol City,3 - 2
200,17,06/11/2021 15:00,Kenilworth Road,Luton Town,Stoke City,0 - 1
201,17,06/11/2021 15:00,The Den,Millwall,Derby County,1 - 1
202,17,06/11/2021 15:00,City Ground,Nottingham Forest,Preston North End,3 - 0
203,17,06/11/2021 15:00,London Road Stadium,Peterborough United,Fulham,0 - 1
204,17,06/11/2021 15:00,The Hawthorns,West Bromwich Albion,Middlesbrough,1 - 1
196,17,06/11/2021 17:30,Bloomfield Road,Blackpool,Queens Park Rangers,1 - 1
212,18,19/11/2021 19:45,Loftus Road,Queens Park Rangers,Luton Town,2 - 0
214,18,20/11/2021 12:30,Bramall Lane,Sheffield United,Coventry City,0 - 0
205,18,20/11/2021 15:00,Ashton Gate Stadium,Bristol City,Blackburn Rovers,1 - 1
207,18,20/11/2021 15:00,Craven Cottage,Fulham,Barnsley,4 - 1
208,18,20/11/2021 15:00,Kirklees Stadium,Huddersfield Town,West Bromwich Albion,1 - 0
209,18,20/11/2021 15:00,KCOM Stadium,Hull City,Birmingham City,2 - 0
210,18,20/11/2021 15:00,Riverside Stadium,Middlesbrough,Millwall,1 - 1
211,18,20/11/2021 15:00,Deepdale,Preston North End,Cardiff City,1 - 2
213,18,20/11/2021 15:00,Madejski Stadium,Reading,Nottingham Forest,1 - 1
215,18,20/11/2021 15:00,bet365 Stadium,Stoke City,Peterborough United,2 - 0
216,18,20/11/2021 15:00,Liberty Stadium,Swansea City,Blackpool,1 - 1
206,18,21/11/2021 12:00,Pride Park Stadium,Derby County,Bournemouth,3 - 2
217,19,23/11/2021 19:45,Bloomfield Road,Blackpool,West Bromwich Albion,0 - 0
218,19,23/11/2021 19:45,Coventry Building Society Arena,Coventry City,Birmingham City,0 - 0
220,19,23/11/2021 19:45,Riverside Stadium,Middlesbrough,Preston North End,1 - 2
221,19,23/11/2021 19:45,City Ground,Nottingham Forest,Luton Town,0 - 0
222,19,23/11/2021 20:00,Madejski Stadium,Reading,Sheffield United,0 - 1
219,19,24/11/2021 19:45,Craven Cottage,Fulham,Derby County,0 - 0
223,19,24/11/2021 19:45,Oakwell,Barnsley,Swansea City,0 - 2
224,19,24/11/2021 19:45,Ewood Park,Blackburn Rovers,Peterborough United,4 - 0
225,19,24/11/2021 19:45,Ashton Gate Stadium,Bristol City,Stoke City,1 - 0
226,19,24/11/2021 19:45,Cardiff City Stadium,Cardiff City,Hull City,0 - 1
227,19,24/11/2021 19:45,The Den,Millwall,Bournemouth,1 - 1
228,19,24/11/2021 19:45,Loftus Road,Queens Park Rangers,Huddersfield Town,1 - 0
240,20,26/11/2021 20:00,The Hawthorns,West Bromwich Albion,Nottingham Forest,0 - 0
236,20,27/11/2021 12:30,Deepdale,Preston North End,Fulham,1 - 1
229,20,27/11/2021 15:00,St Andrew's,Birmingham City,Blackpool,1 - 0
230,20,27/11/2021 15:00,Dean Court,Bournemouth,Coventry City,2 - 2
232,20,27/11/2021 15:00,Kirklees Stadium,Huddersfield Town,Middlesbrough,1 - 2
233,20,27/11/2021 15:00,KCOM Stadium,Hull City,Millwall,2 - 1
234,20,27/11/2021 15:00,Kenilworth Road,Luton Town,Cardiff City,1 - 2
235,20,27/11/2021 15:00,London Road Stadium,Peterborough United,Barnsley,0 - 0
238,20,27/11/2021 15:00,bet365 Stadium,Stoke City,Blackburn Rovers,0 - 1
239,20,27/11/2021 15:00,Liberty Stadium,Swansea City,Reading,2 - 3
237,20,28/11/2021 12:30,Bramall Lane,Sheffield United,Bristol City,2 - 0
231,20,29/11/2021 19:45,Pride Park Stadium,Derby County,Queens Park Rangers,1 - 2
247,21,03/12/2021 19:45,Craven Cottage,Fulham,Bournemouth,1 - 1
246,21,04/12/2021 12:30,Coventry Building Society Arena,Coventry City,West Bromwich Albion,1 - 2
241,21,04/12/2021 15:00,Oakwell,Barnsley,Huddersfield Town,1 - 1
242,21,04/12/2021 15:00,Ewood Park,Blackburn Rovers,Preston North End,1 - 0
243,21,04/12/2021 15:00,Bloomfield Road,Blackpool,Luton Town,0 - 3
244,21,04/12/2021 15:00,Ashton Gate Stadium,Bristol City,Derby County,1 - 0
245,21,04/12/2021 15:00,Cardiff City Stadium,Cardiff City,Sheffield United,2 - 3
248,21,04/12/2021 15:00,Riverside Stadium,Middlesbrough,Swansea City,1 - 0
249,21,04/12/2021 15:00,The Den,Millwall,Birmingham City,3 - 1
250,21,04/12/2021 15:00,City Ground,Nottingham Forest,Peterborough United,2 - 0
252,21,04/12/2021 15:00,Madejski Stadium,Reading,Hull City,1 - 1
251,21,05/12/2021 14:30,Loftus Road,Queens Park Rangers,Stoke City,0 - 2
256,22,11/12/2021 12:30,Kirklees Stadium,Huddersfield Town,Coventry City,1 - 1
253,22,11/12/2021 15:00,St Andrew's,Birmingham City,Cardiff City,2 - 2
254,22,11/12/2021 15:00,Dean Court,Bournemouth,Blackburn Rovers,0 - 2
255,22,11/12/2021 15:00,Pride Park Stadium,Derby County,Blackpool,1 - 0
257,22,11/12/2021 15:00,KCOM Stadium,Hull City,Bristol City,2 - 2
258,22,11/12/2021 15:00,Kenilworth Road,Luton Town,Fulham,1 - 1
259,22,11/12/2021 15:00,London Road Stadium,Peterborough United,Millwall,2 - 1
260,22,11/12/2021 15:00,Deepdale,Preston North End,Barnsley,2 - 1
262,22,11/12/2021 15:00,bet365 Stadium,Stoke City,Middlesbrough,0 - 0
263,22,11/12/2021 15:00,Liberty Stadium,Swansea City,Nottingham Forest,1 - 4
264,22,11/12/2021 15:00,The Hawthorns,West Bromwich Albion,Reading,1 - 0
265,23,17/12/2021 19:45,Oakwell,Barnsley,West Bromwich Albion,0 - 0
272,23,18/12/2021 12:30,Riverside Stadium,Middlesbrough,Bournemouth,1 - 0
266,23,18/12/2021 15:00,Ewood Park,Blackburn Rovers,Birmingham City,4 - 0
267,23,18/12/2021 15:00,Bloomfield Road,Blackpool,Peterborough United,3 - 1
268,23,18/12/2021 15:00,Ashton Gate Stadium,Bristol City,Huddersfield Town,2 - 3
274,23,18/12/2021 15:00,City Ground,Nottingham Forest,Hull City,2 - 1
271,23,20/12/2021 19:45,Craven Cottage,Fulham,Sheffield United,0 - 1
281,24,26/12/2021 15:00,Kirklees Stadium,Huddersfield Town,Blackpool,3 - 2
284,24,26/12/2021 15:00,Riverside Stadium,Middlesbrough,Nottingham Forest,2 - 0
279,24,27/12/2021 15:00,Pride Park Stadium,Derby County,West Bromwich Albion,1 - 0
288,24,27/12/2021 17:30,Loftus Road,Queens Park Rangers,Bournemouth,0 - 1
290,25,29/12/2021 19:45,Ewood Park,Blackburn Rovers,Barnsley,2 - 1
291,25,29/12/2021 19:45,Bloomfield Road,Blackpool,Middlesbrough,1 - 2
294,25,29/12/2021 19:45,Coventry Building Society Arena,Coventry City,Millwall,0 - 1
292,25,30/12/2021 19:45,Dean Court,Bournemouth,Cardiff City,3 - 0
293,25,30/12/2021 19:45,Ashton Gate Stadium,Bristol City,Queens Park Rangers,1 - 2
295,25,30/12/2021 19:45,City Ground,Nottingham Forest,Huddersfield Town,0 - 1
299,25,30/12/2021 19:45,bet365 Stadium,Stoke City,Derby County,1 - 2
303,26,01/01/2022 15:00,Bloomfield Road,Blackpool,Hull City,1 - 0
305,26,02/01/2022 13:00,Ashton Gate Stadium,Bristol City,Millwall,3 - 2
301,26,02/01/2022 14:00,St Andrew's,Birmingham City,Queens Park Rangers,1 - 2
302,26,02/01/2022 14:00,Ewood Park,Blackburn Rovers,Huddersfield Town,0 - 0
312,26,02/01/2022 14:00,The Hawthorns,West Bromwich Albion,Cardiff City,1 - 1
308,26,03/01/2022 15:00,Madejski Stadium,Reading,Derby County,2 - 2
310,26,03/01/2022 15:00,bet365 Stadium,Stoke City,Preston North End,1 - 2
298,27,11/01/2022 20:00,Madejski Stadium,Reading,Fulham,0 - 7
314,27,15/01/2022 12:30,Cardiff City Stadium,Cardiff City,Blackburn Rovers,0 - 1
319,27,15/01/2022 12:30,Kenilworth Road,Luton Town,Bournemouth,3 - 2
315,27,15/01/2022 15:00,Pride Park Stadium,Derby County,Sheffield United,2 - 0
316,27,15/01/2022 15:00,Craven Cottage,Fulham,Bristol City,6 - 2
317,27,15/01/2022 15:00,Kirklees Stadium,Huddersfield Town,Swansea City,1 - 1
320,27,15/01/2022 15:00,Riverside Stadium,Middlesbrough,Reading,2 - 1
321,27,15/01/2022 15:00,The Den,Millwall,Nottingham Forest,0 - 1
322,27,15/01/2022 15:00,London Road Stadium,Peterborough United,Coventry City,1 - 4
323,27,15/01/2022 15:00,Deepdale,Preston North End,Birmingham City,1 - 1
324,27,15/01/2022 15:00,Loftus Road,Queens Park Rangers,West Bromwich Albion,1 - 0
318,27,16/01/2022 12:00,KCOM Stadium,Hull City,Stoke City,0 - 2
280,27,18/01/2022 19:45,Craven Cottage,Fulham,Birmingham City,6 - 2
287,27,18/01/2022 19:45,Deepdale,Preston North End,Sheffield United,2 - 2
282,27,19/01/2022 19:45,KCOM Stadium,Hull City,Blackburn Rovers,2 - 0
276,27,19/01/2022 20:00,Madejski Stadium,Reading,Luton Town,0 - 2
329,28,22/01/2022 12:30,Ashton Gate Stadium,Bristol City,Cardiff City,3 - 2
331,28,22/01/2022 12:30,City Ground,Nottingham Forest,Derby County,2 - 1
325,28,22/01/2022 15:00,St Andrew's,Birmingham City,Barnsley,2 - 1
327,28,22/01/2022 15:00,Bloomfield Road,Blackpool,Millwall,1 - 0
328,28,22/01/2022 15:00,Dean Court,Bournemouth,Hull City,0 - 1
330,28,22/01/2022 15:00,Coventry Building Society Arena,Coventry City,Queens Park Rangers,1 - 2
332,28,22/01/2022 15:00,Madejski Stadium,Reading,Huddersfield Town,3 - 4
333,28,22/01/2022 15:00,Bramall Lane,Sheffield United,Luton Town,2 - 0
334,28,22/01/2022 15:00,bet365 Stadium,Stoke City,Fulham,2 - 3
335,28,22/01/2022 15:00,Liberty Stadium,Swansea City,Preston North End,1 - 0
336,28,22/01/2022 15:00,The Hawthorns,West Bromwich Albion,Peterborough United,3 - 0
326,28,24/01/2022 19:45,Ewood Park,Blackburn Rovers,Middlesbrough,1 - 0
270,28,25/01/2022 19:45,Coventry Building Society Arena,Coventry City,Stoke City,1 - 0
275,28,25/01/2022 19:45,Loftus Road,Queens Park Rangers,Swansea City,0 - 0
283,28,25/01/2022 19:45,Kenilworth Road,Luton Town,Bristol City,2 - 1
289,28,25/01/2022 19:45,St Andrew's,Birmingham City,Peterborough United,2 - 2
307,28,25/01/2022 19:45,City Ground,Nottingham Forest,Barnsley,3 - 0
300,28,26/01/2022 20:00,The Hawthorns,West Bromwich Albion,Preston North End,0 - 2
341,29,28/01/2022 19:45,Kirklees Stadium,Huddersfield Town,Stoke City,1 - 1
337,29,29/01/2022 15:00,Oakwell,Barnsley,Bournemouth,0 - 1
340,29,29/01/2022 15:00,Craven Cottage,Fulham,Blackpool,1 - 1
342,29,29/01/2022 15:00,KCOM Stadium,Hull City,Swansea City,2 - 0
343,29,29/01/2022 15:00,Kenilworth Road,Luton Town,Blackburn Rovers,0 - 0
344,29,29/01/2022 15:00,Riverside Stadium,Middlesbrough,Coventry City,1 - 0
345,29,29/01/2022 15:00,The Den,Millwall,West Bromwich Albion,2 - 0
347,29,29/01/2022 15:00,Deepdale,Preston North End,Bristol City,2 - 2
348,29,29/01/2022 15:00,Loftus Road,Queens Park Rangers,Reading,4 - 0
346,29,29/01/2022 17:30,London Road Stadium,Peterborough United,Sheffield United,0 - 2
339,29,30/01/2022 13:30,Pride Park Stadium,Derby County,Birmingham City,2 - 2
338,29,30/01/2022 16:00,Cardiff City Stadium,Cardiff City,Nottingham Forest,2 - 1
273,29,01/02/2022 19:45,The Den,Millwall,Preston North End,0 - 0
297,29,01/02/2022 19:45,Liberty Stadium,Swansea City,Luton Town,0 - 1
349,29,02/02/2022 19:45,Oakwell,Barnsley,Cardiff City,0 - 1
352,29,02/02/2022 19:45,Kirklees Stadium,Huddersfield Town,Derby County,2 - 0
350,30,04/02/2022 19:45,St Andrew's,Birmingham City,Sheffield United,1 - 2
351,30,05/02/2022 15:00,Bloomfield Road,Blackpool,Bristol City,3 - 1
353,30,05/02/2022 15:00,KCOM Stadium,Hull City,Preston North End,0 - 1
359,30,05/02/2022 17:30,Liberty Stadium,Swansea City,Blackburn Rovers,1 - 0
362,31,08/02/2022 19:45,Coventry Building Society Arena,Coventry City,Blackpool,1 - 1
363,31,08/02/2022 19:45,Pride Park Stadium,Derby County,Hull City,3 - 1
364,31,08/02/2022 19:45,Craven Cottage,Fulham,Millwall,3 - 0
365,31,08/02/2022 19:45,Kenilworth Road,Luton Town,Barnsley,2 - 1
366,31,08/02/2022 19:45,bet365 Stadium,Stoke City,Swansea City,3 - 0
361,31,09/02/2022 19:45,Cardiff City Stadium,Cardiff City,Peterborough United,4 - 0
367,31,09/02/2022 19:45,Ewood Park,Blackburn Rovers,Nottingham Forest,0 - 2
368,31,09/02/2022 19:45,Dean Court,Bournemouth,Birmingham City,3 - 1
369,31,09/02/2022 19:45,Ashton Gate Stadium,Bristol City,Reading,2 - 1
370,31,09/02/2022 19:45,Deepdale,Preston North End,Huddersfield Town,0 - 0
371,31,09/02/2022 19:45,Loftus Road,Queens Park Rangers,Middlesbrough,2 - 2
372,31,09/02/2022 19:45,Bramall Lane,Sheffield United,West Bromwich Albion,2 - 0
376,32,12/02/2022 12:30,Kirklees Stadium,Huddersfield Town,Sheffield United,0 - 0
373,32,12/02/2022 15:00,Oakwell,Barnsley,Queens Park Rangers,1 - 0
374,32,12/02/2022 15:00,St Andrew's,Birmingham City,Luton Town,3 - 0
375,32,12/02/2022 15:00,Bloomfield Road,Blackpool,Bournemouth,1 - 2
377,32,12/02/2022 15:00,KCOM Stadium,Hull City,Fulham,0 - 1
378,32,12/02/2022 15:00,Riverside Stadium,Middlesbrough,Derby County,4 - 1
379,32,12/02/2022 15:00,The Den,Millwall,Cardiff City,2 - 1
380,32,12/02/2022 15:00,City Ground,Nottingham Forest,Stoke City,2 - 2
381,32,12/02/2022 15:00,London Road Stadium,Peterborough United,Preston North End,0 - 1
382,32,12/02/2022 15:00,Madejski Stadium,Reading,Coventry City,2 - 3
383,32,13/02/2022 13:00,Liberty Stadium,Swansea City,Bristol City,3 - 1
384,32,14/02/2022 20:00,The Hawthorns,West Bromwich Albion,Blackburn Rovers,0 - 0
278,32,15/02/2022 19:45,Cardiff City Stadium,Cardiff City,Coventry City,2 - 0
296,32,15/02/2022 19:45,Bramall Lane,Sheffield United,Hull City,0 - 0
355,32,15/02/2022 19:45,The Den,Millwall,Queens Park Rangers,2 - 0
286,32,16/02/2022 19:45,London Road Stadium,Peterborough United,Reading,0 - 0
391,33,19/02/2022 12:30,Craven Cottage,Fulham,Huddersfield Town,1 - 2
387,33,19/02/2022 15:00,Ashton Gate Stadium,Bristol City,Middlesbrough,2 - 1
388,33,19/02/2022 15:00,Cardiff City Stadium,Cardiff City,Blackpool,1 - 1
389,33,19/02/2022 15:00,Coventry Building Society Arena,Coventry City,Barnsley,1 - 0
390,33,19/02/2022 15:00,Pride Park Stadium,Derby County,Peterborough United,1 - 0
392,33,19/02/2022 15:00,Kenilworth Road,Luton Town,West Bromwich Albion,2 - 0
393,33,19/02/2022 15:00,Deepdale,Preston North End,Reading,2 - 3
394,33,19/02/2022 15:00,Loftus Road,Queens Park Rangers,Hull City,1 - 1
395,33,19/02/2022 15:00,Bramall Lane,Sheffield United,Swansea City,4 - 0
396,33,19/02/2022 15:00,bet365 Stadium,Stoke City,Birmingham City,2 - 2
397,34,22/02/2022 19:45,Ashton Gate Stadium,Bristol City,Coventry City,1 - 2
398,34,22/02/2022 19:45,KCOM Stadium,Hull City,Barnsley,0 - 2
399,34,22/02/2022 19:45,Riverside Stadium,Middlesbrough,West Bromwich Albion,2 - 1
400,34,22/02/2022 19:45,Deepdale,Preston North End,Nottingham Forest,0 - 0
402,34,22/02/2022 20:00,Madejski Stadium,Reading,Birmingham City,2 - 1
403,34,23/02/2022 19:45,Pride Park Stadium,Derby County,Millwall,1 - 2
404,34,23/02/2022 19:45,Craven Cottage,Fulham,Peterborough United,2 - 1
405,34,23/02/2022 19:45,Kirklees Stadium,Huddersfield Town,Cardiff City,2 - 1
406,34,23/02/2022 19:45,Loftus Road,Queens Park Rangers,Blackpool,2 - 1
407,34,23/02/2022 19:45,Bramall Lane,Sheffield United,Blackburn Rovers,1 - 0
408,34,23/02/2022 19:45,bet365 Stadium,Stoke City,Luton Town,1 - 2
411,35,26/02/2022 12:30,Ewood Park,Blackburn Rovers,Queens Park Rangers,1 - 0
409,35,26/02/2022 15:00,Oakwell,Barnsley,Middlesbrough,3 - 2
410,35,26/02/2022 15:00,St Andrew's,Birmingham City,Huddersfield Town,0 - 2
412,35,26/02/2022 15:00,Bloomfield Road,Blackpool,Reading,4 - 1
413,35,26/02/2022 15:00,Dean Court,Bournemouth,Stoke City,2 - 1
414,35,26/02/2022 15:00,Cardiff City Stadium,Cardiff City,Fulham,0 - 1
415,35,26/02/2022 15:00,Coventry Building Society Arena,Coventry City,Preston North End,1 - 1
416,35,26/02/2022 15:00,Kenilworth Road,Luton Town,Derby County,1 - 0
417,35,26/02/2022 15:00,The Den,Millwall,Sheffield United,1 - 0
418,35,26/02/2022 15:00,City Ground,Nottingham Forest,Bristol City,2 - 0
419,35,26/02/2022 15:00,London Road Stadium,Peterborough United,Hull City,0 - 3
420,35,28/02/2022 20:00,The Hawthorns,West Bromwich Albion,Swansea City,0 - 2
269,35,01/03/2022 19:45,Cardiff City Stadium,Cardiff City,Derby County,1 - 0
424,36,04/03/2022 19:45,Kirklees Stadium,Huddersfield Town,Peterborough United,3 - 0
430,36,04/03/2022 19:45,Bramall Lane,Sheffield United,Nottingham Forest,1 - 1
423,36,05/03/2022 12:30,Craven Cottage,Fulham,Blackburn Rovers,2 - 0
421,36,05/03/2022 15:00,Ashton Gate Stadium,Bristol City,Birmingham City,1 - 2
422,36,05/03/2022 15:00,Pride Park Stadium,Derby County,Barnsley,2 - 0
425,36,05/03/2022 15:00,KCOM Stadium,Hull City,West Bromwich Albion,0 - 2
426,36,05/03/2022 15:00,Riverside Stadium,Middlesbrough,Luton Town,2 - 1
427,36,05/03/2022 15:00,Deepdale,Preston North End,Bournemouth,2 - 1
428,36,05/03/2022 15:00,Loftus Road,Queens Park Rangers,Cardiff City,1 - 2
429,36,05/03/2022 15:00,Madejski Stadium,Reading,Millwall,0 - 1
431,36,05/03/2022 15:00,bet365 Stadium,Stoke City,Blackpool,0 - 1
432,36,05/03/2022 15:00,Liberty Stadium,Swansea City,Coventry City,3 - 1
277,36,08/03/2022 19:45,Oakwell,Barnsley,Stoke City,1 - 1
304,36,08/03/2022 19:45,Dean Court,Bournemouth,Peterborough United,1 - 1
306,36,08/03/2022 19:45,Coventry Building Society Arena,Coventry City,Luton Town,0 - 1
309,36,08/03/2022 19:45,Bramall Lane,Sheffield United,Middlesbrough,4 - 1
311,36,08/03/2022 19:45,Liberty Stadium,Swansea City,Fulham,1 - 5
385,36,08/03/2022 19:45,Ewood Park,Blackburn Rovers,Millwall,0 - 0
444,37,11/03/2022 20:00,The Hawthorns,West Bromwich Albion,Huddersfield Town,2 - 2
433,37,12/03/2022 12:30,Oakwell,Barnsley,Fulham,1 - 1
434,37,12/03/2022 15:00,St Andrew's,Birmingham City,Hull City,0 - 0
435,37,12/03/2022 15:00,Ewood Park,Blackburn Rovers,Bristol City,0 - 1
436,37,12/03/2022 15:00,Bloomfield Road,Blackpool,Swansea City,1 - 0
437,37,12/03/2022 15:00,Dean Court,Bournemouth,Derby County,2 - 0
438,37,12/03/2022 15:00,Cardiff City Stadium,Cardiff City,Preston North End,0 - 0
439,37,12/03/2022 15:00,Coventry Building Society Arena,Coventry City,Sheffield United,4 - 1
441,37,12/03/2022 15:00,The Den,Millwall,Middlesbrough,0 - 0
442,37,12/03/2022 15:00,City Ground,Nottingham Forest,Reading,4 - 0
443,37,12/03/2022 15:00,London Road Stadium,Peterborough United,Stoke City,2 - 2
440,37,13/03/2022 12:00,Kenilworth Road,Luton Town,Queens Park Rangers,1 - 2
445,38,15/03/2022 19:45,Oakwell,Barnsley,Bristol City,2 - 0
446,38,15/03/2022 19:45,St Andrew's,Birmingham City,Middlesbrough,0 - 2
447,38,15/03/2022 19:45,Ewood Park,Blackburn Rovers,Derby County,3 - 1
448,38,15/03/2022 19:45,Dean Court,Bournemouth,Reading,1 - 1
450,38,15/03/2022 20:00,The Hawthorns,West Bromwich Albion,Fulham,1 - 0
449,38,16/03/2022 19:45,City Ground,Nottingham Forest,Queens Park Rangers,3 - 1
451,38,16/03/2022 19:45,Bloomfield Road,Blackpool,Sheffield United,0 - 0
452,38,16/03/2022 19:45,Cardiff City Stadium,Cardiff City,Stoke City,2 - 1
453,38,16/03/2022 19:45,Coventry Building Society Arena,Coventry City,Hull City,0 - 2
454,38,16/03/2022 19:45,Kenilworth Road,Luton Town,Preston North End,4 - 0
455,38,16/03/2022 19:45,The Den,Millwall,Huddersfield Town,2 - 0
456,38,16/03/2022 19:45,London Road Stadium,Peterborough United,Swansea City,2 - 3
458,39,19/03/2022 12:30,Pride Park Stadium,Derby County,Coventry City,1 - 1
466,39,19/03/2022 12:30,Bramall Lane,Sheffield United,Barnsley,2 - 0
457,39,19/03/2022 15:00,Ashton Gate Stadium,Bristol City,West Bromwich Albion,2 - 2
460,39,19/03/2022 15:00,Kirklees Stadium,Huddersfield Town,Bournemouth,0 - 3
461,39,19/03/2022 15:00,KCOM Stadium,Hull City,Luton Town,1 - 3
465,39,19/03/2022 15:00,Madejski Stadium,Reading,Blackburn Rovers,1 - 0
467,39,19/03/2022 15:00,bet365 Stadium,Stoke City,Millwall,2 - 0
468,39,19/03/2022 15:00,Liberty Stadium,Swansea City,Birmingham City,0 - 0
464,39,20/03/2022 12:30,Loftus Road,Queens Park Rangers,Peterborough United,1 - 3
476,40,01/04/2022 19:45,KCOM Stadium,Hull City,Huddersfield Town,0 - 1
471,40,02/04/2022 12:30,Bloomfield Road,Blackpool,Nottingham Forest,1 - 4
469,40,02/04/2022 15:00,Oakwell,Barnsley,Reading,1 - 1
472,40,02/04/2022 15:00,Dean Court,Bournemouth,Bristol City,3 - 2
473,40,02/04/2022 15:00,Cardiff City Stadium,Cardiff City,Swansea City,0 - 4
474,40,02/04/2022 15:00,Coventry Building Society Arena,Coventry City,Blackburn Rovers,2 - 2
475,40,02/04/2022 15:00,Pride Park Stadium,Derby County,Preston North End,1 - 0
477,40,02/04/2022 15:00,Kenilworth Road,Luton Town,Millwall,2 - 2
478,40,02/04/2022 15:00,London Road Stadium,Peterborough United,Middlesbrough,0 - 4
479,40,02/04/2022 15:00,Loftus Road,Queens Park Rangers,Fulham,0 - 2
480,40,02/04/2022 15:00,bet365 Stadium,Stoke City,Sheffield United,1 - 0
470,40,03/04/2022 15:00,St Andrew's,Birmingham City,West Bromwich Albion,1 - 0
261,40,05/04/2022 19:45,Bramall Lane,Sheffield United,Queens Park Rangers,1 - 0
285,40,05/04/2022 19:45,The Den,Millwall,Swansea City,0 - 1
357,40,05/04/2022 19:45,London Road Stadium,Peterborough United,Luton Town,1 - 1
463,40,05/04/2022 19:45,Deepdale,Preston North End,Blackpool,1 - 0
358,40,05/04/2022 20:00,Madejski Stadium,Reading,Stoke City,2 - 1
354,40,06/04/2022 19:45,Riverside Stadium,Middlesbrough,Fulham,0 - 1
356,40,06/04/2022 19:45,City Ground,Nottingham Forest,Coventry City,2 - 0
360,40,06/04/2022 20:00,The Hawthorns,West Bromwich Albion,Bournemouth,2 - 0
490,41,09/04/2022 12:45,Bramall Lane,Sheffield United,Bournemouth,0 - 0
481,41,09/04/2022 15:00,Ewood Park,Blackburn Rovers,Blackpool,1 - 1
482,41,09/04/2022 15:00,Ashton Gate Stadium,Bristol City,Peterborough United,1 - 1
485,41,09/04/2022 15:00,Riverside Stadium,Middlesbrough,Hull City,0 - 1
486,41,09/04/2022 15:00,The Den,Millwall,Barnsley,4 - 1
487,41,09/04/2022 15:00,City Ground,Nottingham Forest,Birmingham City,2 - 0
488,41,09/04/2022 15:00,Deepdale,Preston North End,Queens Park Rangers,2 - 1
489,41,09/04/2022 15:00,Madejski Stadium,Reading,Cardiff City,1 - 2
491,41,09/04/2022 15:00,Liberty Stadium,Swansea City,Derby County,2 - 1
492,41,09/04/2022 15:00,The Hawthorns,West Bromwich Albion,Stoke City,1 - 3
483,41,10/04/2022 15:00,Craven Cottage,Fulham,Coventry City,1 - 3
484,41,11/04/2022 19:45,Kirklees Stadium,Huddersfield Town,Luton Town,2 - 0
498,42,15/04/2022 12:30,Kenilworth Road,Luton Town,Nottingham Forest,1 - 0
493,42,15/04/2022 15:00,St Andrew's,Birmingham City,Coventry City,2 - 4
494,42,15/04/2022 15:00,Dean Court,Bournemouth,Middlesbrough,0 - 0
497,42,15/04/2022 15:00,KCOM Stadium,Hull City,Cardiff City,2 - 1
499,42,15/04/2022 15:00,London Road Stadium,Peterborough United,Blackburn Rovers,2 - 1
500,42,15/04/2022 15:00,Deepdale,Preston North End,Millwall,1 - 1
501,42,15/04/2022 15:00,Bramall Lane,Sheffield United,Reading,1 - 2
502,42,15/04/2022 15:00,bet365 Stadium,Stoke City,Bristol City,0 - 1
503,42,15/04/2022 15:00,Liberty Stadium,Swansea City,Barnsley,1 - 1
504,42,15/04/2022 15:00,The Hawthorns,West Bromwich Albion,Blackpool,2 - 1
496,42,15/04/2022 17:30,Kirklees Stadium,Huddersfield Town,Queens Park Rangers,2 - 2
495,42,15/04/2022 20:00,Pride Park Stadium,Derby County,Fulham,2 - 1
512,43,18/04/2022 12:30,Riverside Stadium,Middlesbrough,Huddersfield Town,0 - 2
505,43,18/04/2022 15:00,Oakwell,Barnsley,Peterborough United,0 - 2
506,43,18/04/2022 15:00,Ewood Park,Blackburn Rovers,Stoke City,0 - 1
507,43,18/04/2022 15:00,Bloomfield Road,Blackpool,Birmingham City,6 - 1
509,43,18/04/2022 15:00,Cardiff City Stadium,Cardiff City,Luton Town,0 - 1
510,43,18/04/2022 15:00,Coventry Building Society Arena,Coventry City,Bournemouth,0 - 3
513,43,18/04/2022 15:00,The Den,Millwall,Hull City,2 - 1
515,43,18/04/2022 15:00,Loftus Road,Queens Park Rangers,Derby County,1 - 0
516,43,18/04/2022 15:00,Madejski Stadium,Reading,Swansea City,4 - 4
508,43,18/04/2022 17:30,Ashton Gate Stadium,Bristol City,Sheffield United,1 - 1
514,43,18/04/2022 20:00,City Ground,Nottingham Forest,West Bromwich Albion,4 - 0
511,43,19/04/2022 19:45,Craven Cottage,Fulham,Preston North End,3 - 0
520,44,22/04/2022 19:45,Kirklees Stadium,Huddersfield Town,Barnsley,2 - 1
522,44,23/04/2022 12:30,Kenilworth Road,Luton Town,Blackpool,1 - 1
517,44,23/04/2022 15:00,St Andrew's,Birmingham City,Millwall,2 - 2
518,44,23/04/2022 15:00,Dean Court,Bournemouth,Fulham,1 - 1
519,44,23/04/2022 15:00,Pride Park Stadium,Derby County,Bristol City,1 - 3
521,44,23/04/2022 15:00,KCOM Stadium,Hull City,Reading,3 - 0
523,44,23/04/2022 15:00,London Road Stadium,Peterborough United,Nottingham Forest,0 - 1
525,44,23/04/2022 15:00,Bramall Lane,Sheffield United,Cardiff City,1 - 0
526,44,23/04/2022 15:00,bet365 Stadium,Stoke City,Queens Park Rangers,1 - 0
527,44,23/04/2022 15:00,Liberty Stadium,Swansea City,Middlesbrough,1 - 1
528,44,23/04/2022 15:00,The Hawthorns,West Bromwich Albion,Coventry City,0 - 0
524,44,25/04/2022 19:30,Deepdale,Preston North End,Blackburn Rovers,1 - 4
313,44,26/04/2022 19:45,Oakwell,Barnsley,Blackpool,0 - 2
401,44,26/04/2022 19:45,Liberty Stadium,Swansea City,Bournemouth,3 - 3
459,44,26/04/2022 19:45,Craven Cottage,Fulham,Nottingham Forest,0 - 1
462,44,27/04/2022 19:45,Riverside Stadium,Middlesbrough,Cardiff City,2 - 0
539,45,29/04/2022 19:45,Loftus Road,Queens Park Rangers,Sheffield United,1 - 3
529,45,30/04/2022 12:30,Oakwell,Barnsley,Preston North End,1 - 3
530,45,30/04/2022 15:00,Ewood Park,Blackburn Rovers,Bournemouth,0 - 3
531,45,30/04/2022 15:00,Bloomfield Road,Blackpool,Derby County,0 - 2
532,45,30/04/2022 15:00,Ashton Gate Stadium,Bristol City,Hull City,5 - 0
533,45,30/04/2022 15:00,Cardiff City Stadium,Cardiff City,Birmingham City,1 - 1
534,45,30/04/2022 15:00,Coventry Building Society Arena,Coventry City,Huddersfield Town,1 - 2
536,45,30/04/2022 15:00,Riverside Stadium,Middlesbrough,Stoke City,3 - 1
537,45,30/04/2022 15:00,The Den,Millwall,Peterborough United,3 - 0
538,45,30/04/2022 15:00,City Ground,Nottingham Forest,Swansea City,5 - 1
540,45,30/04/2022 15:00,Madejski Stadium,Reading,West Bromwich Albion,0 - 1
535,45,02/05/2022 17:15,Craven Cottage,Fulham,Luton Town,7 - 0
386,45,03/05/2022 19:00,Dean Court,Bournemouth,Nottingham Forest,1 - 0
541,46,07/05/2022 12:30,St Andrew's,Birmingham City,Blackburn Rovers,1 - 2
542,46,07/05/2022 12:30,Dean Court,Bournemouth,Millwall,1 - 0
543,46,07/05/2022 12:30,Pride Park Stadium,Derby County,Cardiff City,0 - 1
544,46,07/05/2022 12:30,Kirklees Stadium,Huddersfield Town,Bristol City,2 - 0
545,46,07/05/2022 12:30,KCOM Stadium,Hull City,Nottingham Forest,1 - 1
546,46,07/05/2022 12:30,Kenilworth Road,Luton Town,Reading,1 - 0
547,46,07/05/2022 12:30,London Road Stadium,Peterborough United,Blackpool,5 - 0
548,46,07/05/2022 12:30,Deepdale,Preston North End,Middlesbrough,4 - 1
549,46,07/05/2022 12:30,Bramall Lane,Sheffield United,Fulham,4 - 0
550,46,07/05/2022 12:30,bet365 Stadium,Stoke City,Coventry City,1 - 1
551,46,07/05/2022 12:30,Liberty Stadium,Swansea City,Queens Park Rangers,0 - 1
552,46,07/05/2022 12:30,The Hawthorns,West Bromwich Albion,Barnsley,4 - 0
